"Pais","Regiao","Ano","Populacao","ExpectativaVida","PIB","PIB_Capita","Fertilidade","Pobreza"
"Andorra","Europe & Central Asia",2011,82326,NA,3427235708.64326,NA,NA,NA
"Andorra","Europe & Central Asia",2009,85474,NA,3649863492.52426,NA,1.19,NA
"Andorra","Europe & Central Asia",2012,79316,NA,3146177740.6367,NA,NA,NA
"Andorra","Europe & Central Asia",2010,84419,NA,3346317328.52461,NA,1.27,NA
"United Arab Emirates","Middle East & North Africa",2012,8952542,77.0241463414634,373429543907.42,61172.9947875255,1.82,NA
"United Arab Emirates","Middle East & North Africa",2011,8734722,76.8511951219512,348526072157.931,57594.1266833257,1.841,NA
"United Arab Emirates","Middle East & North Africa",2010,8329453,76.675243902439,286049336038.121,56245.4781588414,1.868,NA
"United Arab Emirates","Middle East & North Africa",2009,7705423,76.4947804878049,253547358747.447,59100.3805379711,1.903,NA
"Afghanistan","South Asia",2011,28809167,59.3279512195122,17930239399.8149,1712.58871978343,5.506,NA
"Afghanistan","South Asia",2010,27962207,58.9708292682927,15936800636.2487,1629.16729020532,5.746,NA
"Afghanistan","South Asia",2012,29726803,59.6796097560976,20536542736.7297,1934.28563418865,5.272,NA
"Afghanistan","South Asia",2009,27207291,58.6036829268293,12486943505.7381,1525.51705383899,5.985,NA
"Antigua and Barbuda","Latin America & Caribbean",2011,88152,75.4660243902439,1129918370.37037,19987.9241389288,2.115,NA
"Antigua and Barbuda","Latin America & Caribbean",2009,86300,75.1470243902439,1206410370.37037,21671.3757490895,2.146,NA
"Antigua and Barbuda","Latin America & Caribbean",2012,89069,75.6218048780488,1204713111.11111,20956.336421157,2.102,NA
"Antigua and Barbuda","Latin America & Caribbean",2010,87233,75.3087804878049,1135539037.03704,20151.3098656076,2.13,NA
"Albania","Europe & Central Asia",2011,2904780,77.2405853658537,12890867538.5302,9640.14459267576,1.699,NA
"Albania","Europe & Central Asia",2010,2913021,77.0369512195122,11926953258.916,9303.93247566951,1.663,NA
"Albania","Europe & Central Asia",2009,2927519,76.8403658536586,12044212903.8168,9342.0812456971,1.636,NA
"Albania","Europe & Central Asia",2012,2900247,77.4439756097561,12319784787.2987,10361.433216136,1.735,6.79
"Armenia","Europe & Central Asia",2009,2966108,74.0958292682927,8647936747.98704,6158.30145236576,1.68,16.35
"Armenia","Europe & Central Asia",2010,2963496,74.2263414634146,9260284937.79781,6376.2682174205,1.648,21.65
"Armenia","Europe & Central Asia",2011,2967984,74.3428292682927,10142111334.4961,6803.48299708481,1.613,19.03
"Armenia","Europe & Central Asia",2012,2978339,74.4520975609756,10619320048.5857,7401.85639769464,1.581,17.4
"Angola","Sub-Saharan Africa",2010,21219954,50.6541707317073,82470913120.7314,6360.84898012934,6.416,NA
"Angola","Sub-Saharan Africa",2011,21942296,51.0593170731707,104115923082.737,6524.48118084089,6.335,NA
"Angola","Sub-Saharan Africa",2012,22685632,51.464,115398371427.673,6758.27804986574,6.251,NA
"Angola","Sub-Saharan Africa",2009,20520103,50.2510243902439,75492384801.3695,6284.27490492998,6.492,NA
"Argentina","Latin America & Caribbean",2009,40798641,75.3245609756098,376627876887.774,NA,2.382,6.41
"Argentina","Latin America & Caribbean",2012,42095224,75.816243902439,604378456915.579,NA,2.347,3.69
"Argentina","Latin America & Caribbean",2010,41222875,75.4849756097561,461640242696.171,NA,2.37,4.99
"Argentina","Latin America & Caribbean",2011,41655616,75.6490487804878,557890203658.125,NA,2.358,3.6
"American Samoa","East Asia & Pacific",2009,56226,NA,NA,NA,NA,NA
"American Samoa","East Asia & Pacific",2011,55316,NA,NA,NA,NA,NA
"American Samoa","East Asia & Pacific",2012,55227,NA,NA,NA,NA,NA
"American Samoa","East Asia & Pacific",2010,55636,NA,NA,NA,NA,NA
"Austria","Europe & Central Asia",2010,8363404,80.5804878048781,390235099337.748,41892.7758492156,1.44,NA
"Austria","Europe & Central Asia",2009,8343323,80.3317073170732,397594276187.83,40620.3921570465,1.39,NA
"Austria","Europe & Central Asia",2011,8391643,80.9829268292683,429010675562.969,44022.3952746168,1.43,NA
"Austria","Europe & Central Asia",2012,8429991,80.9365853658537,407373026611.605,45858.2468363681,1.44,NA
"Australia","East Asia & Pacific",2011,22340024,81.8951219512195,1389919156068.22,41763.118511715,1.927,NA
"Australia","East Asia & Pacific",2010,22031750,81.6951219512195,1142250506474.06,39168.256719609,1.928,NA
"Australia","East Asia & Pacific",2012,22728254,82.0463414634146,1537477830480.51,42596.2941186879,1.921,NA
"Australia","East Asia & Pacific",2009,21691700,81.5439024390244,926563834486.821,40257.1686174765,1.971,NA
"Aruba","Latin America & Caribbean",2009,101416,74.8181463414634,2498932960.89385,NA,1.716,NA
"Aruba","Latin America & Caribbean",2010,101597,74.9535365853659,2467703910.61453,NA,1.704,NA
"Aruba","Latin America & Caribbean",2011,101936,75.0813902439024,2584463687.15084,36015.070459561,1.692,NA
"Aruba","Latin America & Caribbean",2012,102393,75.205756097561,NA,NA,1.68,NA
"Azerbaijan","Europe & Central Asia",2009,8947243,70.2936829268293,44291490420.5026,14900.5086642522,1.82,NA
"Azerbaijan","Europe & Central Asia",2011,9173082,70.5518048780488,65951627200.2026,15754.1523626148,1.96,NA
"Azerbaijan","Europe & Central Asia",2010,9054332,70.4513170731707,52902703376.1056,15627.6056198817,1.92,NA
"Azerbaijan","Europe & Central Asia",2012,9295784,70.6239512195122,68730906313.6456,16180.8871503048,2,NA
"Bosnia and Herzegovina","Europe & Central Asia",2009,3837732,75.6573658536585,17600630726.6141,8686.59841435601,1.283,NA
"Bosnia and Herzegovina","Europe & Central Asia",2011,3832310,75.9629268292683,18628022743.4257,9422.27610821481,1.286,NA
"Bosnia and Herzegovina","Europe & Central Asia",2010,3835258,75.8076829268293,17163117551.4626,8941.52270817606,1.288,NA
"Bosnia and Herzegovina","Europe & Central Asia",2012,3828419,76.1201707317073,17207367625.8048,9705.01397901882,1.28,NA
"Barbados","Latin America & Caribbean",2012,281580,75.1710243902439,4.313e+09,15673.1733129577,1.788,NA
"Barbados","Latin America & Caribbean",2009,278466,74.6824878048781,4.602e+09,14872.8644796034,1.777,NA
"Barbados","Latin America & Caribbean",2011,280602,75.0081463414634,4.358e+09,15401.5496498863,1.785,NA
"Barbados","Latin America & Caribbean",2010,279566,74.8452926829268,4445500000,15036.3625304529,1.781,NA
"Bangladesh","South Asia",2010,151616777,70.0802926829268,115279077465.226,2401.71873977807,2.332,77.61
"Bangladesh","South Asia",2011,153405612,70.4719512195122,128637938711.386,2579.33504808833,2.286,NA
"Bangladesh","South Asia",2012,155257387,70.8602682926829,133355749482.478,2764.78192830626,2.245,NA
"Bangladesh","South Asia",2009,149905836,69.6837804878049,102477791472.39,2273.16420141086,2.387,NA
"Belgium","Europe & Central Asia",2010,10895586,80.1829268292683,483577483443.709,39257.834474162,1.86,NA
"Belgium","Europe & Central Asia",2009,10796493,79.9829268292683,484552653514.865,37629.442841568,1.84,NA
"Belgium","Europe & Central Asia",2012,11128246,80.3853658536585,497815990388.023,41930.6618333441,1.79,NA
"Belgium","Europe & Central Asia",2011,11047744,80.5853658536585,526975257158.743,40858.7251704577,1.81,NA
"Burkina Faso","Sub-Saharan Africa",2012,16590813,57.8793170731707,11166061507.8024,1547.64937169723,5.693,NA
"Burkina Faso","Sub-Saharan Africa",2010,15632066,57.0513902439024,8979966766.07232,1393.56272130626,5.867,NA
"Burkina Faso","Sub-Saharan Africa",2009,15165856,56.5249756097561,8369175126.25316,1308.54604571826,5.953,80.47
"Burkina Faso","Sub-Saharan Africa",2011,16106851,57.4920487804878,10724061338.5874,1470.43518369954,5.78,NA
"Bulgaria","Europe & Central Asia",2010,7395599,73.5121951219512,49939168133.207,15084.3221603393,1.57,3.8
"Bulgaria","Europe & Central Asia",2009,7444443,73.4121951219512,51783454183.5501,14870.8054059912,1.66,2.61
"Bulgaria","Europe & Central Asia",2011,7348328,74.1634146341463,56949835051.5464,15603.0516627461,1.51,4.66
"Bulgaria","Europe & Central Asia",2012,7305888,74.3146341463415,53576670827.8581,16097.8343137084,1.5,4.7
"Bahrain","Middle East & North Africa",2009,1196774,75.9877804878049,22938218085.1064,39343.225490129,2.179,NA
"Bahrain","Middle East & North Africa",2012,1333577,76.4076341463415,30756462765.9574,40992.5567832413,2.095,NA
"Bahrain","Middle East & North Africa",2010,1261319,76.1275609756098,25713271276.5957,39423.6512887923,2.142,NA
"Bahrain","Middle East & North Africa",2011,1306014,76.2678536585366,29044069148.9362,39676.7170222452,2.115,NA
"Burundi","Sub-Saharan Africa",2010,9461117,54.8291951219512,2026864469.36388,693.470003441916,6.302,NA
"Burundi","Sub-Saharan Africa",2009,9137786,54.3512195121951,1739781488.7457,683.468685414746,6.391,NA
"Burundi","Sub-Saharan Africa",2012,10124572,55.7892926829268,2472384906.99794,730.033565596062,6.123,NA
"Burundi","Sub-Saharan Africa",2011,9790151,55.3120243902439,2355652125.85184,712.670483388994,6.212,NA
"Benin","Sub-Saharan Africa",2010,9509798,58.7297073170732,6970240895.49888,1723.79692585274,5.094,NA
"Benin","Sub-Saharan Africa",2012,10049792,59.1219756097561,8117100933.52537,1826.80893511019,4.927,NA
"Benin","Sub-Saharan Africa",2011,9779391,58.9329024390244,7814081155.64988,1761.57433063086,5.009,75.63
"Benin","Sub-Saharan Africa",2009,9240982,58.4912682926829,7097198711.61023,1716.20726781722,5.182,NA
"Bermuda","North America",2010,65124,79.2885365853658,5744414000,55254.2141192067,1.76,NA
"Bermuda","North America",2009,65636,79.3884390243903,5806378000,55320.1617108278,1.76,NA
"Bermuda","North America",2011,64564,81.1526829268293,5550771000,54984.5103947777,1.59,NA
"Bermuda","North America",2012,64798,81.6778048780488,5537537000,53097.6962878821,1.59,NA
"Brunei Darussalam","East Asia & Pacific",2010,393302,77.5982682926829,12370616061.6062,70486.3330607909,1.953,NA
"Brunei Darussalam","East Asia & Pacific",2009,387080,77.2682926829268,10732366286.2643,68962.8552142326,1.968,NA
"Brunei Darussalam","East Asia & Pacific",2011,399443,77.9323170731708,16691533190.2377,73265.1216346752,1.934,NA
"Brunei Darussalam","East Asia & Pacific",2012,405512,78.2525853658537,16953505121.6389,74195.021192084,1.913,NA
"Bolivia","Latin America & Caribbean",2011,10078238,66.9425609756098,23963033443.8518,5598.56677250699,3.133,14.62
"Bolivia","Latin America & Caribbean",2010,9918245,66.407756097561,19649631308.1648,5298.08290966756,3.2,NA
"Bolivia","Latin America & Caribbean",2012,10238762,67.4454634146341,27084497539.7974,5899.78130262682,3.073,15.77
"Bolivia","Latin America & Caribbean",2009,9758799,65.848,17339992165.2422,5108.8468943723,3.271,19.2
"Brazil","Latin America & Caribbean",2012,202401584,73.8395853658537,2460658440428.04,15246.2607662872,1.812,9.28
"Brazil","Latin America & Caribbean",2011,200517584,73.5523414634146,2614573170731.71,14827.1467182835,1.823,11.37
"Brazil","Latin America & Caribbean",2010,198614208,73.2641463414634,2208872214643.02,14114.5185441419,1.838,NA
"Brazil","Latin America & Caribbean",2009,196701298,72.9780243902439,1667020106031.81,13093.9972215199,1.863,13.46
"Bahamas, The","Latin America & Caribbean",2009,354780,74.4239024390244,7820420000,22196.8194943696,1.901,NA
"Bahamas, The","Latin America & Caribbean",2011,366711,74.7544146341464,7889750000,22665.1675571131,1.9,NA
"Bahamas, The","Latin America & Caribbean",2010,360830,74.5923902439024,7909580000,22431.1376351944,1.904,NA
"Bahamas, The","Latin America & Caribbean",2012,372388,74.9144634146342,8234470000,23234.7922247687,1.893,NA
"Bhutan","South Asia",2009,707830,67.4166585365854,1264758197.96593,5717.16573671645,2.431,NA
"Bhutan","South Asia",2010,720246,67.8924146341463,1585472534.10547,6354.39393447452,2.331,NA
"Bhutan","South Asia",2011,732246,68.3231951219512,1820207625.80217,6882.68840700056,2.236,NA
"Bhutan","South Asia",2012,743711,68.7229024390244,1823692109.61652,7251.43319165982,2.152,13.5
"Botswana","Sub-Saharan Africa",2011,2089706,63.9516097560976,15682931970.4016,13634.267890571,2.89,NA
"Botswana","Sub-Saharan Africa",2010,2047831,63.4022926829268,12786662034.8563,12854.1648943944,2.893,NA
"Botswana","Sub-Saharan Africa",2012,2132822,64.2227317073171,14686249032.0379,14211.0075286066,2.881,NA
"Botswana","Sub-Saharan Africa",2009,2007212,62.4170975609756,10267128733.351,11934.0608860359,2.895,35.74
"Belarus","Europe & Central Asia",2009,9507000,70.4073170731707,49208656976.039,14082.5382840594,1.42,0.54
"Belarus","Europe & Central Asia",2011,9473000,70.5536585365854,59734593904.6402,16603.3895298874,1.51,0.01
"Belarus","Europe & Central Asia",2010,9490000,70.4048780487805,55220932613.958,15385.4592726836,1.44,0.09
"Belarus","Europe & Central Asia",2012,9464000,71.9658536585366,63615445566.8483,17218.3561003897,1.62,0.03
"Belize","Latin America & Caribbean",2009,313925,69.7030731707317,1336957250,7558.52150065336,2.762,NA
"Belize","Latin America & Caribbean",2010,321609,69.7820487804878,1397113450,7716.0572369195,2.714,NA
"Belize","Latin America & Caribbean",2011,329193,69.8436829268293,1486712300,7855.67442309914,2.676,NA
"Belize","Latin America & Caribbean",2012,336707,69.9051463414634,1573618750,8114.4437091069,2.643,NA
"Canada","North America",2011,34342780,81.3492926829268,1788703385548.26,41565.2712210369,1.61,NA
"Canada","North America",2010,34005274,81.4129268292683,1613406134731.12,40069.4709625183,1.6269,NA
"Canada","North America",2009,33628571,81.1114634146342,1371153004986.44,38746.2502780317,1.668,NA
"Canada","North America",2012,34751476,81.5624390243903,1824288757447.57,42143.9687843089,1.61,NA
"Congo, Dem. Rep.","Sub-Saharan Africa",2009,63845097,56.3370731707317,18262773820.8055,556.728075085533,6.476,NA
"Congo, Dem. Rep.","Sub-Saharan Africa",2011,68087376,57.3986341463415,23849009737.6669,617.147961359502,6.294,NA
"Congo, Dem. Rep.","Sub-Saharan Africa",2010,65938712,56.8961463414634,20523285374.187,584.260054791406,6.386,NA
"Congo, Dem. Rep.","Sub-Saharan Africa",2012,70291160,57.8540731707317,27463220380.0054,652.38858743842,6.199,90.73
"Central African Republic","Sub-Saharan Africa",2010,4444973,47.6253170731707,1986014845.63184,870.739164242144,4.624,NA
"Central African Republic","Sub-Saharan Africa",2009,4361492,46.9349756097561,1981728140.77833,850.777697305853,4.714,NA
"Central African Republic","Sub-Saharan Africa",2011,4530903,48.3504390243903,2212699746.81377,900.639784528143,4.537,NA
"Central African Republic","Sub-Saharan Africa",2012,4619500,49.1052926829268,2184183758.31567,925.714944887756,4.451,NA
"Congo, Rep.","Sub-Saharan Africa",2011,4177435,60.0851707317073,14425607224.168,5632.43587545625,4.994,52.91
"Congo, Rep.","Sub-Saharan Africa",2010,4066078,59.1431219512195,12007880590.4575,5482.1113761029,5.02,NA
"Congo, Rep.","Sub-Saharan Africa",2012,4286188,60.9239024390244,13677930123.5919,5803.08880013078,4.961,NA
"Congo, Rep.","Sub-Saharan Africa",2009,3950786,58.0936341463415,9593536531.23778,5125.45061355392,5.038,NA
"Switzerland","Europe & Central Asia",2012,7996861,82.6975609756098,665408300271.743,57205.3721892359,1.52,NA
"Switzerland","Europe & Central Asia",2011,7912398,82.6951219512195,696311671959.459,54550.6893664757,1.52,NA
"Switzerland","Europe & Central Asia",2010,7824909,82.2463414634147,581211708792.789,51356.9639825486,1.52,NA
"Switzerland","Europe & Central Asia",2009,7743831,82.0439024390244,539528229942.101,49903.2731853737,1.5,NA
"Cote d'Ivoire","Sub-Saharan Africa",2010,20131707,50.1514634146342,24884505034.5564,2671.13955296331,5.231,NA
"Cote d'Ivoire","Sub-Saharan Africa",2011,20604172,50.5172195121951,25381616734.0693,2546.90681230458,5.177,NA
"Cote d'Ivoire","Sub-Saharan Africa",2012,21102641,50.8633414634146,27040562587.1771,2803.70093712871,5.121,NA
"Cote d'Ivoire","Sub-Saharan Africa",2009,19684909,49.7404878048781,24277493862.0625,2645.43063428038,5.283,NA
"Chile","Latin America & Caribbean",2009,16829957,79.9608048780488,171956955710.4,16226.1486790103,1.844,4.1
"Chile","Latin America & Caribbean",2012,17388437,80.8948536585366,265231582123.496,21370.0993066395,1.789,NA
"Chile","Latin America & Caribbean",2011,17201305,80.5869756097561,250832362674.085,20266.0360287483,1.806,2.91
"Chile","Latin America & Caribbean",2010,17015048,80.2758048780488,217538271334.738,18249.5407673741,1.824,NA
"Cameroon","Sub-Saharan Africa",2009,20074522,53.2648536585366,23381142146.6485,2475.60567133384,5.093,NA
"Cameroon","Sub-Saharan Africa",2011,21119065,54.1373658536585,26587311527.5711,2614.49556147628,4.938,NA
"Cameroon","Sub-Saharan Africa",2010,20590666,53.6948292682927,23622483983.7101,2522.88180995012,5.017,NA
"Cameroon","Sub-Saharan Africa",2012,21659488,54.587512195122,26472056037.7696,2715.35411027364,4.859,NA
"China","East Asia & Pacific",2009,1331260000,74.8032682926829,5059419738267.41,8290.08892980984,1.535,NA
"China","East Asia & Pacific",2010,1337705000,75.0074146341463,6039658508485.59,9238.75526967938,1.539,27.24
"China","East Asia & Pacific",2012,1350695000,75.3929268292683,8461623162714.07,11219.927669958,1.549,NA
"China","East Asia & Pacific",2011,1344130000,75.2021707317073,7492432097810.11,10274.4943512259,1.544,NA
"Colombia","Latin America & Caribbean",2011,46406446,73.4548048780488,335415156702.186,11496.5272523381,1.978,15.31
"Colombia","Latin America & Caribbean",2010,45918101,73.2778536585366,287018184637.529,10680.0020763025,2.01,17.6
"Colombia","Latin America & Caribbean",2009,45416276,73.0969512195122,233821670544.258,10260.2052170834,2.044,20.4
"Colombia","Latin America & Caribbean",2012,46881018,73.6307804878049,369659700375.52,12058.461303685,1.948,16.2
"Costa Rica","Latin America & Caribbean",2012,4654148,79.0535365853659,45300669857.48,13839.4689225844,1.866,4.07
"Costa Rica","Latin America & Caribbean",2009,4488261,78.5926097560976,29382694860.8539,11823.1920282355,1.951,6.6
"Costa Rica","Latin America & Caribbean",2011,4600487,78.8901707317073,41237293551.3474,13072.1425592889,1.893,4.07
"Costa Rica","Latin America & Caribbean",2010,4545273,78.7360487804878,36298327620.1953,12402.9592880253,1.922,3.92
"Cuba","Latin America & Caribbean",2010,11308133,78.9356341463415,64328200000,18061.0096420539,1.635,NA
"Cuba","Latin America & Caribbean",2012,11342631,79.1416097560976,73139050000,19820.9769832893,1.628,NA
"Cuba","Latin America & Caribbean",2011,11323570,79.039512195122,68990140000,18924.7632701642,1.632,NA
"Cuba","Latin America & Caribbean",2009,11297442,78.8109756097561,62078600000,17443.3629479558,1.636,NA
"Curacao","Latin America & Caribbean",2010,148703,NA,NA,NA,2.2,NA
"Curacao","Latin America & Caribbean",2012,152088,NA,NA,NA,2.2,NA
"Curacao","Latin America & Caribbean",2011,150831,77.4731707317073,NA,NA,2.1,NA
"Curacao","Latin America & Caribbean",2009,146833,76.1560975609756,NA,NA,2.1,NA
"Cyprus","Europe & Central Asia",2011,1116644,79.571512195122,27089174646.3239,32983.1851844809,1.473,NA
"Cyprus","Europe & Central Asia",2010,1103685,79.3819512195122,25247424010.9811,33957.90164873,1.481,NA
"Cyprus","Europe & Central Asia",2012,1129303,79.7622682926829,24940600822.1062,31920.4454737569,1.464,NA
"Cyprus","Europe & Central Asia",2009,1090486,79.199487804878,25593262400.8645,34087.7590143959,1.489,NA
"Czech Republic","Europe & Central Asia",2009,10443936,77.0780487804878,205729790694.015,27008.8068634707,1.51,0
"Czech Republic","Europe & Central Asia",2010,10474410,77.4243902439025,207015860050.371,27069.6339673463,1.51,0
"Czech Republic","Europe & Central Asia",2012,10510785,78.0756097560976,206441578342.485,28727.9072629398,1.45,0
"Czech Republic","Europe & Central Asia",2011,10496088,77.8731707317073,227313162936.047,28604.2126636231,1.43,0
"Germany","Europe & Central Asia",2009,81902307,79.8365853658537,3418005001389.27,37112.8806127286,1.36,NA
"Germany","Europe & Central Asia",2012,80425823,80.8926829268293,3539615377794.51,43600.1134007712,1.38,NA
"Germany","Europe & Central Asia",2010,81776930,79.9878048780488,3417298013245.03,39639.4799659111,1.39,NA
"Germany","Europe & Central Asia",2011,81797673,80.7414634146342,3757464553794.83,42142.5488974642,1.36,NA
"Djibouti","Middle East & North Africa",2010,830802,60.3606829268293,1128611700.3618,2644.62822884592,3.484,NA
"Djibouti","Middle East & North Africa",2009,820097,59.8428048780488,1049110684.72493,2557.63970740253,3.567,NA
"Djibouti","Middle East & North Africa",2011,841802,60.8505609756098,1239144501.77525,2782.97129179065,3.406,NA
"Djibouti","Middle East & North Africa",2012,853069,61.2959756097561,1353632941.5207,2932.23334234064,3.332,36.98
"Denmark","Europe & Central Asia",2012,5591572,80.0512195121951,325012162409.979,44246.3306156663,1.73,NA
"Denmark","Europe & Central Asia",2011,5570572,79.8,341498686832.939,43314.0563639927,1.75,NA
"Denmark","Europe & Central Asia",2010,5547683,79.1,319810991980.939,41835.7966506369,1.87,NA
"Denmark","Europe & Central Asia",2009,5523095,78.5975609756098,319762353336.194,39612.1276267663,1.84,NA
"Dominica","Latin America & Caribbean",2010,71167,NA,493703703.703704,10016.2463687438,NA,NA
"Dominica","Latin America & Caribbean",2011,71402,NA,501481481.481481,10189.3982094128,NA,NA
"Dominica","Latin America & Caribbean",2009,70995,NA,489259259.259259,9852.90131876706,NA,NA
"Dominica","Latin America & Caribbean",2012,71685,NA,485185185.185185,10206.274383357,NA,NA
"Dominican Republic","Latin America & Caribbean",2011,10027140,72.9452926829268,58361928552.0266,11375.6203912161,2.568,10
"Dominican Republic","Latin America & Caribbean",2012,10155036,73.1353170731707,60595109805.051,11740.0536291201,2.539,10.22
"Dominican Republic","Latin America & Caribbean",2010,9897983,72.7498048780488,53864484468.2287,10981.1765999168,2.597,11.5
"Dominican Republic","Latin America & Caribbean",2009,9767737,72.5483170731707,48193458082.8389,10150.6162610657,2.627,11.55
"Algeria","Middle East & North Africa",2009,35401790,73.5210243902439,137211039899.57,12267.0033980711,2.818,NA
"Algeria","Middle East & North Africa",2012,37439427,74.3240975609756,209047389599.67,13452.5526105134,2.909,NA
"Algeria","Middle East & North Africa",2010,36036159,73.8040487804878,161207268840.911,12637.381339375,2.873,NA
"Algeria","Middle East & North Africa",2011,36717132,74.07,200013050828.17,13026.191661295,2.903,NA
"Ecuador","Latin America & Caribbean",2010,14934692,75.0298048780488,69555367000,9163.15790938064,2.656,16.91
"Ecuador","Latin America & Caribbean",2012,15419493,75.433,87924544000,10512.4366955457,2.599,13.97
"Ecuador","Latin America & Caribbean",2011,15177280,75.2264390243903,79276664000,9926.95249585147,2.628,14.54
"Ecuador","Latin America & Caribbean",2009,14691310,74.8446097560976,62519686000,8889.19234856436,2.684,20.1
"Estonia","Europe & Central Asia",2009,1334515,74.8243902439024,19652486801.8894,20206.1807067891,1.7,0
"Estonia","Europe & Central Asia",2010,1331475,75.4292682926829,19494662251.6556,21113.1196108327,1.72,0
"Estonia","Europe & Central Asia",2012,1322696,76.3268292682927,23135266649.1325,25921.0285969625,1.56,0
"Estonia","Europe & Central Asia",2011,1327439,76.2292682926829,23168793438.9769,23954.8659685125,1.61,0
"Egypt, Arab Rep.","Middle East & North Africa",2012,85660902,70.7291463414634,276353323880.224,10252.5229815309,3.306,NA
"Egypt, Arab Rep.","Middle East & North Africa",2010,82040994,70.3402926829268,218888324504.753,9897.74855125737,3.184,NA
"Egypt, Arab Rep.","Middle East & North Africa",2011,83787634,70.5333170731707,236001858960.015,10071.2052571796,3.253,NA
"Egypt, Arab Rep.","Middle East & North Africa",2009,80442443,70.1501463414634,188982374700.805,9485.18035499043,3.114,NA
"Eritrea","Sub-Saharan Africa",2011,4789568,62.0693658536585,2607739837.39837,1411.15763791112,4.525,NA
"Eritrea","Sub-Saharan Africa",2010,4689664,61.4661463414634,2117039512.19512,1299.28989642603,4.605,NA
"Eritrea","Sub-Saharan Africa",2012,NA,62.6449756097561,NA,NA,4.444,NA
"Eritrea","Sub-Saharan Africa",2009,4593549,60.853512195122,1856695551.21951,1282.33384570883,4.681,NA
"Spain","Europe & Central Asia",2012,46773055,82.4268292682927,1339946773437.24,32235.5959172997,1.32,NA
"Spain","Europe & Central Asia",2011,46742697,82.4756097560976,1487924659438.42,32530.0931368398,1.34,NA
"Spain","Europe & Central Asia",2010,46576897,81.6268292682927,1431672847682.12,32372.8543671681,1.37,NA
"Spain","Europe & Central Asia",2009,46362946,81.4756097560976,1499074742984.16,32796.6654667603,1.38,NA
"Ethiopia","Sub-Saharan Africa",2012,92191211,62.7935365853659,43310721414.0829,1256.68220812009,4.642,NA
"Ethiopia","Sub-Saharan Africa",2011,89858696,62.0830243902439,31952763089.33,1165.21683848196,4.77,NA
"Ethiopia","Sub-Saharan Africa",2010,87561814,61.2961219512195,29933790334.3418,1053.79672527899,4.903,71.27
"Ethiopia","Sub-Saharan Africa",2009,85302099,60.4157804878049,32437389116.038,949.493897250884,5.044,NA
"Finland","Europe & Central Asia",2011,5388272,80.4707317073171,273657214345.288,40251.3735098925,1.83,NA
"Finland","Europe & Central Asia",2012,5413971,80.6268292682927,256706466091.089,40437.5938723363,1.8,NA
"Finland","Europe & Central Asia",2009,5338871,79.719512195122,251499027507.641,37534.5019282014,1.86,NA
"Finland","Europe & Central Asia",2010,5363352,79.8707317073171,247814569536.424,38322.9267423552,1.87,NA
"Fiji","East Asia & Pacific",2012,874158,69.7432195121951,3977652382.81468,7688.77786554153,2.615,NA
"Fiji","East Asia & Pacific",2010,859952,69.3843658536586,3140508835.9485,7630.98884648177,2.669,NA
"Fiji","East Asia & Pacific",2009,851854,69.2028536585366,2870624635.68032,7392.1654013834,2.701,NA
"Fiji","East Asia & Pacific",2011,867327,69.565,3774537140.30783,7486.76143700218,2.641,NA
"Micronesia, Fed. Sts.","East Asia & Pacific",2011,103476,68.731,310287500,3410.28408372232,3.402,NA
"Micronesia, Fed. Sts.","East Asia & Pacific",2012,103516,68.8507073170732,325835160.290555,3491.34780826311,3.347,NA
"Micronesia, Fed. Sts.","East Asia & Pacific",2010,103619,68.6122682926829,294117200,3269.641342827,3.46,NA
"Micronesia, Fed. Sts.","East Asia & Pacific",2009,103961,68.4895365853659,277510900,3140.10038955922,3.522,NA
"France","Europe & Central Asia",2010,65027512,81.6634146341463,2646994701986.75,35891.2938160199,2.03,NA
"France","Europe & Central Asia",2012,65659790,81.9682926829268,2681416108537.39,37462.3250299433,2.01,NA
"France","Europe & Central Asia",2009,64707044,81.4146341463415,2693827452070.02,34797.474085009,2,NA
"France","Europe & Central Asia",2011,65342776,82.1146341463415,2862502085070.89,37325.3043394949,2.01,NA
"Gabon","Sub-Saharan Africa",2010,1541936,62.1208292682927,14358584300.3006,16004.0545161551,4.083,NA
"Gabon","Sub-Saharan Africa",2011,1577298,62.7050975609756,18186478119.9582,17100.7005205501,4.05,NA
"Gabon","Sub-Saharan Africa",2012,1613489,63.2807317073171,17171447372.3334,17919.0644839789,4.01,NA
"Gabon","Sub-Saharan Africa",2009,1507428,61.5314634146342,12065138272.7538,15102.1649035054,4.112,NA
"United Kingdom","Europe & Central Asia",2012,63700300,80.9048780487805,2630472981169.65,37569.3152811917,1.92,NA
"United Kingdom","Europe & Central Asia",2011,63258918,80.9512195121951,2594904662714.31,36590.1593671037,1.91,NA
"United Kingdom","Europe & Central Asia",2010,62766365,80.4024390243902,2403504326328.8,35879.7993942833,1.92,NA
"United Kingdom","Europe & Central Asia",2009,62276270,80.0512195121951,2314577036921.64,36361.8846856437,1.89,NA
"Grenada","Latin America & Caribbean",2010,104677,72.567512195122,771015888.888889,10951.8841081545,2.24,NA
"Grenada","Latin America & Caribbean",2009,104298,72.3300731707317,771278111.111111,10914.8582820379,2.261,NA
"Grenada","Latin America & Caribbean",2012,105476,73.0022682926829,799882148.148148,11252.5568168313,2.194,NA
"Grenada","Latin America & Caribbean",2011,105070,72.7934146341464,778648666.666667,11221.3623353168,2.217,NA
"Georgia","Europe & Central Asia",2010,3926000,74.0024390243902,11638536890.5347,6597.5685567345,1.82,38.62
"Georgia","Europe & Central Asia",2011,3875000,74.1820487804878,14434619982.2117,7315.0908976643,1.822,36.84
"Georgia","Europe & Central Asia",2012,3825000,74.3527073170732,15846474595.773,8026.50712956533,1.82,34.56
"Georgia","Europe & Central Asia",2009,3978000,73.8154146341463,10766809099.0721,6054.18918025573,1.809,35.76
"Ghana","Sub-Saharan Africa",2010,24317734,60.6099756097561,32174772955.9748,3021.48497625548,4.272,NA
"Ghana","Sub-Saharan Africa",2012,25544565,60.9770243902439,41939728978.7281,3726.64393911061,4.238,NA
"Ghana","Sub-Saharan Africa",2011,24928503,60.808,39566292432.8615,3430.85738867292,4.258,NA
"Ghana","Sub-Saharan Africa",2009,23713164,60.3554634146342,25977847813.7422,2837.0142410633,4.285,NA
"Gibraltar","Europe & Central Asia",2009,30407,NA,NA,NA,NA,NA
"Gibraltar","Europe & Central Asia",2010,30732,NA,NA,NA,NA,NA
"Gibraltar","Europe & Central Asia",2012,31402,NA,NA,NA,NA,NA
"Gibraltar","Europe & Central Asia",2011,31067,NA,NA,NA,NA,NA
"Greenland","Europe & Central Asia",2011,56890,71.0624390243902,2503747856.84595,NA,2.117,NA
"Greenland","Europe & Central Asia",2012,56810,71.3092682926829,2356004770.79887,NA,2.019,NA
"Greenland","Europe & Central Asia",2009,56323,70.4678048780488,2314737666.79517,NA,2.359,NA
"Greenland","Europe & Central Asia",2010,56905,70.8570731707317,2287220565.1596,NA,2.195,NA
"Gambia, The","Sub-Saharan Africa",2011,1749099,59.5605853658537,904256643.415984,1532.49400351483,5.789,NA
"Gambia, The","Sub-Saharan Africa",2012,1807108,59.7781463414634,912569686.7859,1599.1796159408,5.775,NA
"Gambia, The","Sub-Saharan Africa",2010,1693002,59.3406097560976,952429030.415536,1621.43160048143,5.796,NA
"Gambia, The","Sub-Saharan Africa",2009,1638899,59.1077804878049,900639747.939529,1553.39443887282,5.798,NA
"Guinea","Sub-Saharan Africa",2010,11012406,56.3050487804878,4735956493.06479,1147.08498591832,5.337,NA
"Guinea","Sub-Saharan Africa",2012,11628767,57.6376341463415,5667229758.9878,1219.54715182902,5.175,68.65
"Guinea","Sub-Saharan Africa",2011,11316351,57.0005365853659,5067360009.39196,1183.85584627942,5.256,NA
"Guinea","Sub-Saharan Africa",2009,10715770,55.5561463414634,4609923756.18485,1142.4936358267,5.417,NA
"Equatorial Guinea","Sub-Saharan Africa",2010,728710,55.971,12709498548.489,36389.8480611381,5.176,NA
"Equatorial Guinea","Sub-Saharan Africa",2012,773729,56.8902682926829,18011041667.1319,38416.1635186061,5.011,NA
"Equatorial Guinea","Sub-Saharan Africa",2011,750918,56.4468292682927,17229758159.783,36754.8104741979,5.095,NA
"Equatorial Guinea","Sub-Saharan Africa",2009,707155,55.4771951219512,10219467607.3829,38519.9873963727,5.253,NA
"Greece","Europe & Central Asia",2011,11104899,80.7317073170732,287779921184.32,26626.4600462408,1.4,NA
"Greece","Europe & Central Asia",2012,11045011,80.6341463414634,245670666639.047,25980.0865157009,1.35,NA
"Greece","Europe & Central Asia",2010,11121341,80.3878048780488,299379400264.901,28981.4183412436,1.47,NA
"Greece","Europe & Central Asia",2009,11107017,80.1878048780488,330000252153.376,30652.2120897201,1.49,NA
"Guatemala","Latin America & Caribbean",2009,14418033,70.5475365853659,37733609938.8925,6410.63771207335,3.501,NA
"Guatemala","Latin America & Caribbean",2010,14732261,70.7754634146341,41338008617.1119,6532.75761376872,3.434,NA
"Guatemala","Latin America & Caribbean",2011,15049280,71.0104146341463,47654783850.6388,6798.84273368398,3.373,26.47
"Guatemala","Latin America & Caribbean",2012,15368759,71.2493902439025,50388460920.182,6981.50684408022,3.317,NA
"Guam","East Asia & Pacific",2010,159440,78.1008780487805,NA,NA,2.472,NA
"Guam","East Asia & Pacific",2011,160858,78.3595853658537,NA,NA,2.448,NA
"Guam","East Asia & Pacific",2009,158621,77.8395609756098,NA,NA,2.498,NA
"Guam","East Asia & Pacific",2012,162807,78.617512195122,NA,NA,2.427,NA
"Guinea-Bissau","Sub-Saharan Africa",2009,1596832,53.4766341463415,825796952.682917,1258.31975553077,5.148,NA
"Guinea-Bissau","Sub-Saharan Africa",2011,1673509,54.1594146341464,1105497903.79842,1416.31177732793,5.033,NA
"Guinea-Bissau","Sub-Saharan Africa",2010,1634196,53.8143658536585,847491366.890874,1299.72630061008,5.091,83.59
"Guinea-Bissau","Sub-Saharan Africa",2012,1714620,54.503512195122,995582730.590756,1382.50433559991,4.972,NA
"Guyana","Latin America & Caribbean",2009,750749,65.957,2025565089.48272,5381.98036259195,2.715,NA
"Guyana","Latin America & Caribbean",2010,753362,66.0427073170732,2259288396.24467,5666.10456163492,2.68,NA
"Guyana","Latin America & Caribbean",2011,755883,66.1291463414634,2576602497.33479,6077.18603798605,2.647,NA
"Guyana","Latin America & Caribbean",2012,758410,66.2172682926829,2851154075.95385,6465.61262817204,2.615,NA
"Hong Kong SAR, China","East Asia & Pacific",2011,7071600,83.4219512195122,248513617677.287,50085.9593288483,1.204,NA
"Hong Kong SAR, China","East Asia & Pacific",2012,7154600,83.4804878048781,262629441493.476,51274.0603140027,1.285,NA
"Hong Kong SAR, China","East Asia & Pacific",2009,6972800,82.7756097560976,214046415026.187,43935.6928282274,1.055,NA
"Hong Kong SAR, China","East Asia & Pacific",2010,7024200,82.9780487804878,228637697575.04,47134.560848342,1.127,NA
"Honduras","Latin America & Caribbean",2009,7383098,72.2172195121951,14587496229.1811,4113.0305006327,2.802,26.82
"Honduras","Latin America & Caribbean",2011,7621414,72.5727317073171,17710315005.9999,4433.71931027629,2.599,32.67
"Honduras","Latin America & Caribbean",2010,7503875,72.3939756097561,15839344591.9842,4249.09310308345,2.695,29.11
"Honduras","Latin America & Caribbean",2012,7736131,72.7550243902439,18528601901.324,4632.09510795154,2.514,37.26
"Croatia","Europe & Central Asia",2012,4267558,76.9243902439024,56485301967.4205,21016.0187293145,1.51,NA
"Croatia","Europe & Central Asia",2010,4417781,76.4756097560976,59680624422.3702,18981.9956442935,1.55,0.05
"Croatia","Europe & Central Asia",2011,4280622,76.7756097560976,62249565358.9878,20571.2752844948,1.48,0
"Croatia","Europe & Central Asia",2009,4429078,76.1682926829268,62703095750.5257,19393.1114143786,1.58,0.08
"Haiti","Latin America & Caribbean",2011,10144890,61.6451951219512,7516834160.25277,1562.30412930488,3.245,NA
"Haiti","Latin America & Caribbean",2009,9852953,60.8222195121951,6584649419.28348,1561.37425579339,3.408,NA
"Haiti","Latin America & Caribbean",2012,10288828,62.0333902439024,7890216507.68913,1614.08582057792,3.169,70.99
"Haiti","Latin America & Caribbean",2010,9999617,61.2401219512195,6622541528.56888,1471.64864918954,3.325,NA
"Hungary","Europe & Central Asia",2010,10000023,74.2073170731707,130093753005.675,21576.7069453107,1.25,0
"Hungary","Europe & Central Asia",2011,9971727,74.8585365853659,139930994006.615,22603.2027174727,1.23,0
"Hungary","Europe & Central Asia",2012,9920362,75.0634146341463,127176184359.093,22701.4502235308,1.34,0
"Hungary","Europe & Central Asia",2009,10022650,73.9048780487805,129774040645.107,20860.557155575,1.32,0
"Indonesia","East Asia & Pacific",2009,238465165,67.9576341463415,539580085612.401,7815.7071303618,2.51,NA
"Indonesia","East Asia & Pacific",2010,241613126,68.1471951219512,755094157594.527,8294.0543496696,2.513,46.3
"Indonesia","East Asia & Pacific",2011,244808254,68.3343902439024,892969104529.574,8870.28418891497,2.509,NA
"Indonesia","East Asia & Pacific",2012,248037853,68.5195609756098,917869913364.916,9453.69822832478,2.5,41.67
"Ireland","Europe & Central Asia",2009,4535375,80.190243902439,235387174076.132,41866.4993329051,2.06,NA
"Ireland","Europe & Central Asia",2010,4560155,80.7439024390244,220076114437.086,43249.5594490708,2.05,NA
"Ireland","Europe & Central Asia",2011,4576794,80.7463414634146,241784795802.057,45673.5345036199,2.03,NA
"Ireland","Europe & Central Asia",2012,4586897,80.8951219512195,224652132155.012,46063.3445925379,2.01,NA
"Israel","Middle East & North Africa",2009,7485600,81.4048780487805,208068814688.605,27558.1879505678,2.96,NA
"Israel","Middle East & North Africa",2011,7765800,81.6560975609756,261764344205.025,30574.2523577465,2.98,NA
"Israel","Middle East & North Africa",2010,7623600,81.6024390243903,234321743781.76,28900.9197381996,3.03,NA
"Israel","Middle East & North Africa",2012,7910500,81.7048780487805,259613579190.332,31993.6238427527,3.05,NA
"Isle of Man","Europe & Central Asia",2011,85069,NA,6066057183.24473,NA,NA,NA
"Isle of Man","Europe & Central Asia",2009,83548,NA,5047757847.85311,NA,NA,NA
"Isle of Man","Europe & Central Asia",2012,85779,NA,6432879504.49094,NA,NA,NA
"Isle of Man","Europe & Central Asia",2010,84327,NA,5420291954.71889,NA,NA,NA
"India","South Asia",2010,1230984504,66.5061463414634,1708458876829.92,4315.44004631179,2.622,NA
"India","South Asia",2011,1247446011,66.9041707317073,1815865716201.58,4634.94516234712,2.563,58.01
"India","South Asia",2009,1214182182,66.1026341463415,1365371474048.19,3920.16054160619,2.687,67.92
"India","South Asia",2012,1263589639,67.2898780487805,1824960308640.71,4921.84230808602,2.51,NA
"Iraq","Middle East & North Africa",2009,29970634,68.3199268292683,111660855042.735,11875.0141777195,4.653,NA
"Iraq","Middle East & North Africa",2011,31867758,68.7097073170732,185749664444.444,13203.0477987986,4.654,NA
"Iraq","Middle East & North Africa",2010,30868156,68.4901219512195,138516722649.573,12417.7696665771,4.659,NA
"Iraq","Middle East & North Africa",2012,32957622,68.9497317073171,218000986222.639,14813.5649123457,4.637,NA
"Iran, Islamic Rep.","Middle East & North Africa",2010,74253373,73.9831707317073,467790215915.476,17163.0792678197,1.765,NA
"Iran, Islamic Rep.","Middle East & North Africa",2012,76156975,74.7993414634146,587209369682.67,16853.7828153936,1.742,NA
"Iran, Islamic Rep.","Middle East & North Africa",2011,75184322,74.4125853658537,592037800186.865,17949.2444238935,1.755,NA
"Iran, Islamic Rep.","Middle East & North Africa",2009,73370982,73.5341707317073,398978104575.331,16100.8915095883,1.772,3.05
"Iceland","Europe & Central Asia",2012,320716,82.9170731707317,14194519025.2641,40278.3870438051,2.04,NA
"Iceland","Europe & Central Asia",2009,318499,81.7512195121951,12855269883.7902,39912.2712141369,2.23,NA
"Iceland","Europe & Central Asia",2011,319014,82.3585365853659,14665358676.7166,39557.9356463221,2.02,NA
"Iceland","Europe & Central Asia",2010,318041,81.8975609756098,13236887873.0516,38615.3391912455,2.2,NA
"Italy","Europe & Central Asia",2011,59379449,82.1878048780488,2276150874756.74,35870.7137716038,1.44,NA
"Italy","Europe & Central Asia",2012,59539717,82.2390243902439,2072823111961.1,35899.7799658795,1.43,NA
"Italy","Europe & Central Asia",2009,59095365,81.6365853658537,2185160158794.11,34142.338499387,1.45,NA
"Italy","Europe & Central Asia",2010,59277417,82.0365853658537,2125184794172.19,34714.5268552022,1.46,NA
"Channel Islands","Europe & Central Asia",2011,160489,80.169512195122,NA,NA,1.444,NA
"Channel Islands","Europe & Central Asia",2009,158613,79.8327073170732,NA,NA,1.43,NA
"Channel Islands","Europe & Central Asia",2012,161336,80.3186585365854,NA,NA,1.451,NA
"Channel Islands","Europe & Central Asia",2010,159583,80.0103658536585,NA,NA,1.436,NA
"Jamaica","Latin America & Caribbean",2010,2690824,74.8474878048781,13190512703.1357,8196.27942996631,2.174,NA
"Jamaica","Latin America & Caribbean",2011,2699838,75.086243902439,14396816914.4981,8481.24597356818,2.136,NA
"Jamaica","Latin America & Caribbean",2012,2707805,75.2998292682927,14746420946.1737,8560.08713224613,2.102,NA
"Jamaica","Latin America & Caribbean",2009,2681386,74.5840487804878,12037473160.8091,8248.70201069681,2.213,NA
"Jordan","Middle East & North Africa",2010,6517912,73.4358292682927,26425379436.6197,10229.9175071294,3.553,1.99
"Jordan","Middle East & North Africa",2011,6760371,73.5918536585366,28840263380.2817,10324.4466860552,3.533,NA
"Jordan","Middle East & North Africa",2009,6266865,73.2782926829268,23818322957.7465,10271.3186099481,3.57,NA
"Jordan","Middle East & North Africa",2012,6994451,73.7464146341464,30937277605.6338,10432.1751002933,3.505,NA
"Japan","East Asia & Pacific",2012,127561489,83.0960975609756,5957250118648.75,35735.6167173084,1.41,NA
"Japan","East Asia & Pacific",2009,128047000,82.9314634146342,5035141567658.9,31857.372226654,1.37,NA
"Japan","East Asia & Pacific",2011,127817277,82.5912195121951,5908989186412.22,34335.304019806,1.39,NA
"Japan","East Asia & Pacific",2010,128070000,82.8426829268293,5498717815809.77,33760.9768142973,1.39,NA
"Kenya","Sub-Saharan Africa",2010,40328313,58.7186097560976,39999659233.7555,2487.22455217034,4.629,NA
"Kenya","Sub-Saharan Africa",2012,42542978,60.2727804878049,50410164013.5527,2718.98645948051,4.481,NA
"Kenya","Sub-Saharan Africa",2011,41419954,59.5342195121951,41953433591.4101,2622.73016894886,4.556,NA
"Kenya","Sub-Saharan Africa",2009,39269988,57.8004390243903,37021512048.8158,2327.84336901885,4.7,NA
"Kyrgyz Republic","Europe & Central Asia",2012,5607200,70.0024390243902,6605139933.41063,2922.70287320038,3.2,19.98
"Kyrgyz Republic","Europe & Central Asia",2011,5514600,69.6024390243903,6197766118.59856,2920.6032099095,3.1,19.29
"Kyrgyz Republic","Europe & Central Asia",2010,5447900,69.3,4794357795.07139,2733.72933718566,3.1,21.67
"Kyrgyz Republic","Europe & Central Asia",2009,5383300,69.1024390243903,4690062255.12247,2746.10265504845,2.9,24.8
"Cambodia","East Asia & Pacific",2009,14144337,65.8444634146342,10401851850.6108,2331.42530851806,2.947,41.93
"Cambodia","East Asia & Pacific",2012,14832255,67.3288780487805,14038383450.186,2846.65744469837,2.739,37
"Cambodia","East Asia & Pacific",2011,14593099,66.8728780487805,12829541141.0127,2648.65001849867,2.804,43.25
"Cambodia","East Asia & Pacific",2010,14363586,66.3856585365854,11242275198.9783,2462.45278970169,2.875,42.36
"Kiribati","East Asia & Pacific",2009,100566,65.1834390243903,127125253.470597,1635.1308710935,3.859,NA
"Kiribati","East Asia & Pacific",2011,104662,65.4406341463415,172253739.040743,1659.29395249824,3.822,NA
"Kiribati","East Asia & Pacific",2010,102648,65.3027804878049,150431113.557145,1613.41844984056,3.843,NA
"Kiribati","East Asia & Pacific",2012,106620,65.5960731707317,174984468.834127,1705.43918398277,3.796,NA
"Comoros","Sub-Saharan Africa",2012,733661,62.5829756097561,550476566.060452,1379.71598734093,4.628,NA
"Comoros","Sub-Saharan Africa",2009,681845,61.4441951219512,514788082.336952,1306.44000923569,4.813,NA
"Comoros","Sub-Saharan Africa",2010,698695,61.830512195122,516962886.786662,1318.89589092466,4.755,NA
"Comoros","Sub-Saharan Africa",2011,715972,62.212756097561,566024620.528183,1347.79775321118,4.693,NA
"St. Kitts and Nevis","Latin America & Caribbean",2012,53650,NA,731919888.888889,20442.6292004251,NA,NA
"St. Kitts and Nevis","Latin America & Caribbean",2011,52998,NA,728050629.62963,20571.9701241134,NA,NA
"St. Kitts and Nevis","Latin America & Caribbean",2010,52352,NA,692457407.407407,20064.4258866151,NA,NA
"St. Kitts and Nevis","Latin America & Caribbean",2009,51717,NA,708891296.296296,20734.8268306064,NA,NA
"Korea, Rep.","East Asia & Pacific",2012,50004441,81.2134146341464,1222807195712.49,32222.59394254,1.297,NA
"Korea, Rep.","East Asia & Pacific",2009,49182038,80.2973170731707,901934953364.711,28392.7563625682,1.149,NA
"Korea, Rep.","East Asia & Pacific",2011,49779440,80.9670731707317,1202463682633.85,31327.1268995123,1.244,NA
"Korea, Rep.","East Asia & Pacific",2010,49410366,80.5512195121951,1094499338702.72,30465.2450528476,1.226,NA
"Kuwait","Middle East & North Africa",2012,3419581,74.3518536585366,174070025008.932,78492.3968461194,2.209,NA
"Kuwait","Middle East & North Africa",2011,3239181,74.233512195122,154027536231.884,76308.5907116231,2.279,NA
"Kuwait","Middle East & North Africa",2010,3059473,74.1166341463415,115419050942.08,72204.3813019722,2.353,NA
"Kuwait","Middle East & North Africa",2009,2881243,74.0061951219512,105899930507.297,77582.1493005466,2.423,NA
"Cayman Islands","Latin America & Caribbean",2011,56580,NA,NA,49902.1465489682,NA,NA
"Cayman Islands","Latin America & Caribbean",2012,57522,NA,NA,NA,NA,NA
"Cayman Islands","Latin America & Caribbean",2009,54285,NA,NA,NA,NA,NA
"Cayman Islands","Latin America & Caribbean",2010,55509,NA,NA,NA,NA,NA
"Kazakhstan","Europe & Central Asia",2009,16092701,68.4292682926829,115308661142.927,19162.9357074856,2.55,2.53
"Kazakhstan","Europe & Central Asia",2010,16321581,68.2953658536585,148047348240.643,20521.0984885494,2.6,1.61
"Kazakhstan","Europe & Central Asia",2011,16556600,68.98,200379345222.506,22134.0921108481,2.59,0.71
"Kazakhstan","Europe & Central Asia",2012,16791425,69.61,215902443457.121,23248.9925905127,2.62,0.43
"Lao PDR","East Asia & Pacific",2009,6153153,63.8510487804878,5832915387.08908,3616.21591658171,3.368,NA
"Lao PDR","East Asia & Pacific",2010,6260544,64.3336341463415,7181441139.89806,3904.35715083399,3.293,NA
"Lao PDR","East Asia & Pacific",2012,6473050,65.248512195122,9359185244.24597,4580.94739748603,3.138,63.28
"Lao PDR","East Asia & Pacific",2011,6366909,64.7981219512195,8283218733.60768,4233.38124754279,3.215,NA
"Lebanon","Middle East & North Africa",2012,4924257,78.9084634146342,43205095854.063,15221.446857073,1.671,NA
"Lebanon","Middle East & North Africa",2011,4591698,78.6898536585366,40078938640.1327,15683.5833239439,1.641,NA
"Lebanon","Middle East & North Africa",2010,4337156,78.4653658536586,38009950248.7562,15948.4549196281,1.613,NA
"Lebanon","Middle East & North Africa",2009,4181742,78.2194878048781,35139635157.5456,15131.6498768193,1.598,NA
"St. Lucia","Latin America & Caribbean",2012,180890,74.7776341463415,1311133148.14815,10524.3510374579,1.936,NA
"St. Lucia","Latin America & Caribbean",2011,179278,74.6357073170732,1290025296.2963,10538.2252759214,1.96,NA
"St. Lucia","Latin America & Caribbean",2010,177397,74.4710975609756,1249497000,10361.8105258508,1.982,NA
"St. Lucia","Latin America & Caribbean",2009,175196,74.2660487804878,1186800333.33333,10546.4473250877,2,NA
"Liechtenstein","Europe & Central Asia",2012,36791,82.3829268292683,5487773452.44017,NA,1.51,NA
"Liechtenstein","Europe & Central Asia",2011,36537,81.7926829268293,5739705822.48169,NA,1.69,NA
"Liechtenstein","Europe & Central Asia",2010,36276,81.8414634146342,5082338964.87305,NA,1.4,NA
"Liechtenstein","Europe & Central Asia",2009,36004,81.5,4504376589.9239,NA,1.71,NA
"Sri Lanka","South Asia",2012,20424000,74.531243902439,68434399083.41,10164.3563482885,2.138,13.99
"Sri Lanka","South Asia",2011,20270000,74.4245609756098,65292741296.5382,9213.77547310638,2.17,NA
"Sri Lanka","South Asia",2010,20118000,74.339243902439,56725745039.336,8390.40743204124,2.203,NA
"Sri Lanka","South Asia",2009,19967000,74.2802926829268,42066217871.5349,7732.05591759523,2.233,16.78
"Liberia","Sub-Saharan Africa",2010,3957990,59.4412926829268,1292697100,683.792125841842,5.024,NA
"Liberia","Sub-Saharan Africa",2012,4190155,60.2043658536585,1735500000,784.512357317685,4.868,NA
"Liberia","Sub-Saharan Africa",2011,4079574,59.8643414634146,1545400000,732.633006942041,4.945,NA
"Liberia","Sub-Saharan Africa",2009,3821498,58.8656585365854,1155147400,659.443924172627,5.105,NA
"Lesotho","Sub-Saharan Africa",2012,2057331,48.836,2384043848.96468,2427.43283566964,3.253,NA
"Lesotho","Sub-Saharan Africa",2011,2032950,48.219756097561,2523309140.48836,2297.3895481964,3.278,NA
"Lesotho","Sub-Saharan Africa",2010,2010586,47.4834146341463,2187482926.29624,2187.39603000957,3.303,77.28
"Lesotho","Sub-Saharan Africa",2009,1990413,46.6345853658537,1711412960.10007,2023.24722219891,3.33,NA
"Lithuania","Europe & Central Asia",2009,3162916,72.9146341463415,37440673477.8983,18277.9153390851,1.5,0
"Lithuania","Europe & Central Asia",2012,2987773,73.8634146341464,42852204396.452,24475.0507509952,1.6,0
"Lithuania","Europe & Central Asia",2011,3028115,73.5634146341464,43505562065.1266,22541.7255710377,1.55,0
"Lithuania","Europe & Central Asia",2010,3097282,73.2682926829268,37132564255.4319,20085.0447824268,1.5,0
"Luxembourg","Europe & Central Asia",2012,530946,81.3926829268293,55986712367.7993,90788.2865762064,1.57,NA
"Luxembourg","Europe & Central Asia",2011,518347,80.9878048780488,58697386711.1482,91073.3220829315,1.52,NA
"Luxembourg","Europe & Central Asia",2010,506953,80.6317073170732,52351655629.1391,84589.8398682131,1.63,NA
"Luxembourg","Europe & Central Asia",2009,497783,80.6365853658537,50386496248.958,80306.0811316769,1.59,NA
"Latvia","Europe & Central Asia",2011,2059709,73.5756097560976,28385281828.3791,19451.0322812128,1.33,0
"Latvia","Europe & Central Asia",2012,2034319,73.7780487804878,28023276371.5791,21122.2982149326,1.44,0
"Latvia","Europe & Central Asia",2010,2097555,73.4829268292683,23743309485.9565,17409.9059719927,1.36,0
"Latvia","Europe & Central Asia",2009,2141669,73.0804878048781,26144610786.7668,17032.9426720105,1.46,1.21
"Libya","Middle East & North Africa",2012,6283403,71.6495609756098,81905365776.3335,22975.8756237746,2.543,NA
"Libya","Middle East & North Africa",2011,6288652,71.6832682926829,34699395523.6073,11023.4371395436,2.576,NA
"Libya","Middle East & North Africa",2010,6265697,71.7373902439024,74773444900.5368,28583.4659963526,2.603,NA
"Libya","Middle East & North Africa",2009,6208680,71.7809512195122,63028320702.0343,27135.3565354688,2.624,NA
"Morocco","Middle East & North Africa",2012,32984190,73.3646585365854,98266306615.3632,6979.89907912757,2.545,NA
"Morocco","Middle East & North Africa",2011,32531964,72.9854390243902,101370474295.109,6746.8994563416,2.544,NA
"Morocco","Middle East & North Africa",2010,32107739,72.5769268292683,93216746661.5977,6365.18966151887,2.535,NA
"Morocco","Middle East & North Africa",2009,31714958,72.1482195121951,92897320375.8176,6133.76374336397,2.518,NA
"Monaco","Europe & Central Asia",2012,37404,NA,NA,NA,NA,NA
"Monaco","Europe & Central Asia",2011,37189,NA,6074884388.58937,NA,NA,NA
"Monaco","Europe & Central Asia",2010,36845,NA,5350674803.33858,NA,NA,NA
"Monaco","Europe & Central Asia",2009,36351,NA,5557245122.31576,NA,NA,NA
"Moldova","Europe & Central Asia",2012,3559519,70.7724878048781,7284686576.2835,4226.95918930562,1.269,2.88
"Moldova","Europe & Central Asia",2011,3559986,70.2710975609756,7015206498.21955,4179.21480881512,1.273,3.54
"Moldova","Europe & Central Asia",2010,3562045,69.7092682926829,5811604051.96737,3845.63558808189,1.274,5.19
"Moldova","Europe & Central Asia",2009,3565604,69.1432926829268,5439422031.39627,3544.02574404107,1.268,7.43
"Montenegro","Europe & Central Asia",2012,620601,75.7050731707317,4087725812.66864,13812.695943286,1.725,2.14
"Montenegro","Europe & Central Asia",2011,620079,75.3913170731707,4538199888.79622,14215.5591809531,1.745,1.04
"Montenegro","Europe & Central Asia",2010,619428,75.0452926829268,4139192052.98013,13439.5976817255,1.767,0.33
"Montenegro","Europe & Central Asia",2009,618294,74.6878292682927,4141382328.42456,13127.6868360506,1.787,0.59
"St. Martin (French part)","Latin America & Caribbean",2012,30959,79.0219512195122,NA,NA,1.82,NA
"St. Martin (French part)","Latin America & Caribbean",2011,30615,78.8707317073171,NA,NA,1.82,NA
"St. Martin (French part)","Latin America & Caribbean",2010,30235,78.7219512195122,NA,NA,1.82,NA
"St. Martin (French part)","Latin America & Caribbean",2009,29820,78.5707317073171,NA,NA,1.82,NA
"Madagascar","Sub-Saharan Africa",2011,21678867,63.8074146341464,9892702357.56691,1371.64857524238,4.59,NA
"Madagascar","Sub-Saharan Africa",2012,22293720,64.2466585365854,9919780071.28764,1399.5143248094,4.528,NA
"Madagascar","Sub-Saharan Africa",2010,21079532,63.3617317073171,8729936135.74488,1362.29877181923,4.654,92.91
"Madagascar","Sub-Saharan Africa",2009,20495706,62.9181707317073,8550363974.79243,1380.56592191093,4.722,NA
"Marshall Islands","East Asia & Pacific",2009,52321,NA,152130186.034773,3267.71694874659,NA,NA
"Marshall Islands","East Asia & Pacific",2012,52663,NA,184439555.469872,3661.79942944435,NA,NA
"Marshall Islands","East Asia & Pacific",2011,52541,NA,172861423.41758,3505.26969445433,4.05,NA
"Marshall Islands","East Asia & Pacific",2010,52428,NA,163803078.278876,3436.51619917623,NA,NA
"Macedonia, FYR","Europe & Central Asia",2009,2058920,74.5789512195122,9401731495.71661,11305.3357366054,1.465,NA
"Macedonia, FYR","Europe & Central Asia",2012,2069270,75.0312682926829,9745251126.0109,11891.6439757102,1.497,NA
"Macedonia, FYR","Europe & Central Asia",2011,2065888,74.874512195122,10494632699.3859,11641.2302221215,1.482,NA
"Macedonia, FYR","Europe & Central Asia",2010,2062443,74.7226341463415,9407168702.4313,11678.4079644032,1.471,NA
"Mali","Sub-Saharan Africa",2012,16112333,57.095,12442747897.2223,2048.0739172409,6.396,NA
"Mali","Sub-Saharan Africa",2011,15639115,56.6546829268293,12978107560.5982,1862.94040098044,6.474,NA
"Mali","Sub-Saharan Africa",2010,15167286,56.1798048780488,10678749467.4697,1746.67124470186,6.547,NA
"Mali","Sub-Saharan Africa",2009,14694565,55.6334390243902,10181021770.4326,1606.49627624699,6.612,77.71
"Myanmar","East Asia & Pacific",2012,52543841,65.4277804878049,74690222130.8964,NA,2.28,NA
"Myanmar","East Asia & Pacific",2011,52125411,65.1809024390244,NA,NA,2.33,NA
"Myanmar","East Asia & Pacific",2010,51733013,64.9174878048781,NA,NA,2.386,NA
"Myanmar","East Asia & Pacific",2009,51369725,64.6435609756098,NA,NA,2.449,NA
"Mongolia","East Asia & Pacific",2010,2712657,67.6038292682927,7189482029.68248,7552.64608298728,2.555,8.74
"Mongolia","East Asia & Pacific",2012,2808339,68.613512195122,12292770631.1967,9990.03804907011,2.641,3.95
"Mongolia","East Asia & Pacific",2011,2759074,68.1225365853659,10409797336.1861,8889.34553777966,2.607,6.21
"Mongolia","East Asia & Pacific",2009,2669572,67.0768048780488,4583850367.88972,7128.21600394295,2.487,NA
"Macao SAR, China","East Asia & Pacific",2012,557763,80.1231707317073,43028648668.9445,127938.918712409,1.16,NA
"Macao SAR, China","East Asia & Pacific",2011,546682,79.906243902439,36709847596.7175,117340.970750623,1.112,NA
"Macao SAR, China","East Asia & Pacific",2010,534626,79.6903902439024,28123640998.7253,96619.8443992282,1.061,NA
"Macao SAR, China","East Asia & Pacific",2009,521405,79.4761707317073,21475520709.3922,78134.5828791808,1.009,NA
"Northern Mariana Islands","East Asia & Pacific",2012,53314,NA,NA,NA,NA,NA
"Northern Mariana Islands","East Asia & Pacific",2011,53234,NA,NA,NA,NA,NA
"Northern Mariana Islands","East Asia & Pacific",2010,53860,NA,NA,NA,NA,NA
"Northern Mariana Islands","East Asia & Pacific",2009,55276,NA,NA,NA,NA,NA
"Mauritania","Sub-Saharan Africa",2012,3777067,62.5601707317073,5231255478.38986,3575.98635387756,4.721,NA
"Mauritania","Sub-Saharan Africa",2011,3683221,62.2924878048781,5166340390.52554,3403.53452636443,4.778,NA
"Mauritania","Sub-Saharan Africa",2010,3591400,62.0061707317073,4337791530.87884,3266.29462575561,4.835,NA
"Mauritania","Sub-Saharan Africa",2009,3501927,61.7107317073171,3662281667.94663,3158.54925724804,4.891,NA
"Malta","Middle East & North Africa",2012,419455,80.7463414634146,8882509103.82705,28355.7055086515,1.43,NA
"Malta","Middle East & North Africa",2011,416268,80.7463414634146,9302635890.16047,28177.573674541,1.45,NA
"Malta","Middle East & North Africa",2010,414508,81.3975609756098,8163355021.12327,26689.940987633,1.36,NA
"Malta","Middle East & North Africa",2009,412477,80.2414634146342,8099400960.97627,25828.6623908173,1.42,NA
"Mauritius","Sub-Saharan Africa",2012,1255882,73.8634146341464,11445657237.9368,16961.1109505936,1.54,2.96
"Mauritius","Sub-Saharan Africa",2011,1252404,73.2668292682927,11252386260.712,16179.2915316024,1.55,NA
"Mauritius","Sub-Saharan Africa",2010,1250400,72.9673170731707,9718233910.68203,15282.9245585329,1.57,NA
"Mauritius","Sub-Saharan Africa",2009,1247429,72.8824390243903,8834661042.93519,14538.3762449038,1.59,NA
"Maldives","South Asia",2010,367000,76.2004878048781,2323401757.8125,10301.7057528176,2.209,NA
"Maldives","South Asia",2012,385000,76.4623414634146,2514041557.02396,11373.4629575726,2.175,NA
"Maldives","South Asia",2011,377000,76.3375121951219,2449576516.91549,11126.9455942042,2.194,NA
"Maldives","South Asia",2009,360000,76.0186585365854,2166330187.5,9791.4650020522,2.222,17.9
"Malawi","Sub-Saharan Africa",2012,15700436,60.0502926829268,6028487928.83351,1085.67899974201,5.318,NA
"Malawi","Sub-Saharan Africa",2011,15226813,58.5001219512195,8004000737.30717,1078.8556473052,5.423,NA
"Malawi","Sub-Saharan Africa",2010,14769824,56.836243902439,6959655570.89098,1039.28951898371,5.531,87.64
"Malawi","Sub-Saharan Africa",2009,14329056,55.0823658536585,6191127665.1963,990.261362410462,5.636,NA
"Mexico","Latin America & Caribbean",2009,116815612,75.8774146341463,894948748436.748,13934.1586501896,2.385,NA
"Mexico","Latin America & Caribbean",2012,122070963,76.3540975609756,1186598324461.82,16289.5652780893,2.3,10.32
"Mexico","Latin America & Caribbean",2011,120365271,76.1856585365854,1171187519660.64,15754.1971730871,2.328,NA
"Mexico","Latin America & Caribbean",2010,118617542,76.0267804878049,1051128603513.77,14603.1678602294,2.356,11.9
"Malaysia","East Asia & Pacific",2012,29021940,74.4233170731707,314442825692.826,23124.660480641,1.968,NA
"Malaysia","East Asia & Pacific",2011,28572970,74.286756097561,297951960784.314,21866.340751899,1.982,NA
"Malaysia","East Asia & Pacific",2010,28119500,74.1577804878049,255016919685.822,20675.018736369,1.998,NA
"Malaysia","East Asia & Pacific",2009,27661017,74.0384146341463,202257586267.556,19328.7582325944,2.021,2.71
"Mozambique","Sub-Saharan Africa",2009,23647815,52.6912682926829,10911698208.1015,852.859303376853,5.603,NA
"Mozambique","Sub-Saharan Africa",2012,25732928,54.2121219512195,14534278446.3087,1010.22125187758,5.472,NA
"Mozambique","Sub-Saharan Africa",2011,25016921,53.7382926829268,13131168011.807,951.825363881443,5.521,NA
"Mozambique","Sub-Saharan Africa",2010,24321457,53.2269024390244,10154238250.1818,895.499663909703,5.564,NA
"Namibia","Sub-Saharan Africa",2012,2291645,63.8811463414634,13016152023.5944,9021.89576263068,3.586,NA
"Namibia","Sub-Saharan Africa",2011,2240161,63.2771707317073,12409629835.6998,8625.71792158825,3.6,NA
"Namibia","Sub-Saharan Africa",2010,2193643,62.4802926829268,11282192605.0374,8212.32931480258,3.605,NA
"Namibia","Sub-Saharan Africa",2009,2152357,61.4409024390244,8876191120.76189,7797.9282021702,3.606,45.72
"New Caledonia","East Asia & Pacific",2012,259000,77.1219512195122,NA,NA,2.28,NA
"New Caledonia","East Asia & Pacific",2011,254000,76.7268292682927,NA,NA,2.15,NA
"New Caledonia","East Asia & Pacific",2010,250000,77.4731707317073,NA,NA,2.17,NA
"New Caledonia","East Asia & Pacific",2009,245000,76.9658536585366,NA,NA,2.2,NA
"Niger","Sub-Saharan Africa",2012,17635782,60.0725365853659,6942209594.55433,883.251377257212,7.642,NA
"Niger","Sub-Saharan Africa",2011,16946485,59.2045609756098,6409169889.50891,807.193020889675,7.656,81.75
"Niger","Sub-Saharan Africa",2010,16291990,58.259,5718589799.24366,804.051028542619,7.667,NA
"Niger","Sub-Saharan Africa",2009,15672194,57.2850243902439,5397121856.35204,761.990923398958,7.675,NA
"Nigeria","Sub-Saharan Africa",2012,168240403,52.105,460953836444.364,5407.32395617592,5.758,NA
"Nigeria","Sub-Saharan Africa",2011,163770669,51.7378048780488,411743801711.642,5230.59885375807,5.802,NA
"Nigeria","Sub-Saharan Africa",2010,159424742,51.329512195122,369062464570.387,5019.18606066893,5.84,NA
"Nigeria","Sub-Saharan Africa",2009,155207145,50.8685609756098,169481317540.364,4723.09145598072,5.873,76.46
"Nicaragua","Latin America & Caribbean",2012,5877034,74.2124634146341,10438842115.6263,4488.17450978094,2.34,NA
"Nicaragua","Latin America & Caribbean",2011,5807787,73.9012926829269,9755619760.14614,4223.4272387993,2.383,NA
"Nicaragua","Latin America & Caribbean",2010,5737722,73.5817317073171,8741313140.24883,3942.82261952286,2.428,NA
"Nicaragua","Latin America & Caribbean",2009,5666595,73.2547804878049,8380731879.74635,3822.1644291501,2.475,25.16
"Netherlands","Europe & Central Asia",2012,16754962,81.1048780487805,828946812396.788,46448.884799242,1.72,NA
"Netherlands","Europe & Central Asia",2011,16693074,81.2048780487805,893701695857.659,46388.293591692,1.76,NA
"Netherlands","Europe & Central Asia",2010,16615394,80.7024390243902,836439735099.338,44773.8728670549,1.79,NA
"Netherlands","Europe & Central Asia",2009,16530388,80.5487804878049,857932759099.75,44386.51361823,1.79,NA
"Norway","Europe & Central Asia",2012,5018573,81.4512195121951,509704856037.817,65399.836084667,1.85,NA
"Norway","Europe & Central Asia",2011,4953088,81.2951219512195,498157406416.158,62736.6804662551,1.88,NA
"Norway","Europe & Central Asia",2010,4889252,80.9975609756098,428524701366.599,58812.9430633722,1.95,NA
"Norway","Europe & Central Asia",2009,4828726,80.7951219512195,386383919342.271,56167.3960382926,1.98,NA
"Nepal","South Asia",2012,27500515,68.8233170731707,18851513891.066,2153.73649262683,2.381,NA
"Nepal","South Asia",2011,27179237,68.4066341463415,18913574370.76,2042.14068690866,2.486,NA
"Nepal","South Asia",2010,26875910,67.9714878048781,16002656434.4746,1956.4658657987,2.606,48.38
"Nepal","South Asia",2009,26592666,67.5183902439025,12854985464.0764,1863.68346287613,2.737,NA
"New Zealand","East Asia & Pacific",2012,4408100,81.1560975609756,176617424296.729,33065.5112359197,2.1,NA
"New Zealand","East Asia & Pacific",2011,4384000,80.9048780487805,168462632327.382,32734.3831571154,2.09,NA
"New Zealand","East Asia & Pacific",2010,4350700,80.7024390243902,146584522265.456,31270.0582136574,2.17,NA
"New Zealand","East Asia & Pacific",2009,4302600,80.7024390243902,121337372727.841,30714.0491106459,2.13,NA
"Oman","Middle East & North Africa",2012,3545192,76.5895609756098,76341482444.7334,41944.9991757071,2.857,NA
"Oman","Middle East & North Africa",2011,3210003,76.3276341463415,67937581274.3823,42479.201320064,2.879,NA
"Oman","Middle East & North Africa",2010,2943747,76.0528048780488,58641352405.7217,45884.9585799153,2.888,NA
"Oman","Middle East & North Africa",2009,2762073,75.7620975609756,48388296488.9467,46098.8879725011,2.888,NA
"Panama","Latin America & Caribbean",2012,3743761,77.2370487804878,39954761200,18663.1681828035,2.484,9.91
"Panama","Latin America & Caribbean",2011,3681979,77.0516829268293,34373820500,17058.5964457122,2.5,9.49
"Panama","Latin America & Caribbean",2010,3620506,76.8636341463415,28917200000,15202.2174353368,2.513,10.7
"Panama","Latin America & Caribbean",2009,3559401,76.6769512195122,26593500000,14443.6031706826,2.524,9.46
"Peru","Latin America & Caribbean",2012,30158768,74.0576585365854,192703386156.047,11051.2537713681,2.504,10.79
"Peru","Latin America & Caribbean",2011,29759891,73.8449756097561,170574733563.461,10379.2098377875,2.525,11.69
"Peru","Latin America & Caribbean",2010,29373644,73.6398048780488,148521818488.749,9678.49522488562,2.545,13.01
"Peru","Latin America & Caribbean",2009,29001563,73.4361463414634,121192332201.439,8929.75601638432,2.566,15.35
"French Polynesia","East Asia & Pacific",2011,270862,75.9170243902439,NA,NA,2.092,NA
"French Polynesia","East Asia & Pacific",2012,273775,76.1270243902439,NA,NA,2.075,NA
"French Polynesia","East Asia & Pacific",2010,268065,75.6953902439025,NA,NA,2.11,NA
"French Polynesia","East Asia & Pacific",2009,265412,75.4534634146341,NA,NA,2.131,NA
"Papua New Guinea","East Asia & Pacific",2012,7154870,62.2999024390244,15391629871.3765,2525.96210935665,3.869,NA
"Papua New Guinea","East Asia & Pacific",2011,7001172,62.1526341463415,12873049346.2674,2345.06587687314,3.927,NA
"Papua New Guinea","East Asia & Pacific",2010,6847517,61.9948292682927,9716103408.96554,2122.70744992972,3.985,NA
"Papua New Guinea","East Asia & Pacific",2009,6693799,61.8080487804878,8105331929.8755,1992.35300218464,4.044,64.68
"Philippines","East Asia & Pacific",2012,96017322,68.0070731707317,250092093547.532,6153.07044864692,3.048,37.61
"Philippines","East Asia & Pacific",2011,94501233,67.8906585365854,224143083706.777,5754.11244156476,3.088,NA
"Philippines","East Asia & Pacific",2010,93038902,67.7833170731708,199590774784.581,5524.1544103206,3.133,NA
"Philippines","East Asia & Pacific",2009,91641881,67.6810487804878,168334599538.168,5147.80151297175,3.187,36.45
"Pakistan","South Asia",2012,177392252,65.7168780487805,224646134571.4,4460.9230726128,3.744,NA
"Pakistan","South Asia",2011,173669648,65.447,213755282058.719,4322.53438254774,3.802,NA
"Pakistan","South Asia",2010,170043918,65.1625609756098,177406854514.885,4209.69803030354,3.855,44.97
"Pakistan","South Asia",2009,166520983,64.8760975609756,168152775283.032,4179.73402420651,3.901,NA
"Poland","Europe & Central Asia",2012,38063164,76.7463414634146,500227851988.331,23598.5592763806,1.33,0.26
"Poland","Europe & Central Asia",2011,38063255,76.6951219512195,528742068313.757,22520.0128003371,1.33,0.35
"Poland","Europe & Central Asia",2010,38042794,76.2463414634146,479242529764.866,20883.0604443515,1.41,0.32
"Poland","Europe & Central Asia",2009,38151603,75.6951219512195,436476394987.34,19139.5032948775,1.4,0.28
"Puerto Rico","Latin America & Caribbean",2012,3634487,78.9254146341464,101080738000,34272.2044184399,1.5425,NA
"Puerto Rico","Latin America & Caribbean",2011,3678736,78.6731707317073,100351670000,34195.6036654497,1.5965,NA
"Puerto Rico","Latin America & Caribbean",2010,3721526,78.4116341463415,98381268000,33756.8068621299,1.6235,NA
"Puerto Rico","Latin America & Caribbean",2009,3740410,78.1532682926829,96385638000,34071.2448910761,1.6528,NA
"West Bank and Gaza","Middle East & North Africa",2012,4046901,72.5588536585366,11279400000,4931.00218360493,4.305,NA
"West Bank and Gaza","Middle East & North Africa",2011,3927051,72.3853902439024,10459845737.4302,4356.34182492654,4.369,NA
"West Bank and Gaza","Middle East & North Africa",2010,3811102,72.2149268292683,8913100000,4078.49589062698,4.433,NA
"West Bank and Gaza","Middle East & North Africa",2009,3702218,72.0510975609756,7268200000,4053.0489334773,4.496,2.62
"Portugal","Europe & Central Asia",2012,10514844,80.3731707317073,216368178659.447,27125.1544347714,1.28,NA
"Portugal","Europe & Central Asia",2011,10557560,80.4707317073171,244879869335.557,26932.4081275165,1.35,NA
"Portugal","Europe & Central Asia",2010,10573100,79.0268292682927,238317631788.079,26943.0209173058,1.39,NA
"Portugal","Europe & Central Asia",2009,10568247,78.7268292682927,243745748819.116,26208.8517700498,1.34,NA
"Palau","East Asia & Pacific",2012,20756,NA,214200000,13510.0345754012,NA,NA
"Palau","East Asia & Pacific",2011,20606,NA,199900000,12947.9075753943,NA,NA
"Palau","East Asia & Pacific",2010,20470,NA,183800000,12157.3000958188,NA,NA
"Palau","East Asia & Pacific",2009,20344,NA,186400000,11700.5393168877,NA,NA
"Paraguay","Latin America & Caribbean",2012,6379162,72.654,24611039786.132,7447.17472643709,2.625,9.66
"Paraguay","Latin America & Caribbean",2011,6293763,72.4871951219512,25071195492.0127,7504.67749192442,2.675,12.14
"Paraguay","Latin America & Caribbean",2010,6209877,72.3012926829268,20030528042.9171,7142.05703875154,2.73,13.45
"Paraguay","Latin America & Caribbean",2009,6127847,72.1023170731707,15929902138.1363,6322.52474345565,2.787,14.46
"Qatar","Middle East & North Africa",2012,2015624,78.2276585365854,190289835164.835,135421.72398627,2.059,NA
"Qatar","Middle East & North Africa",2011,1905437,78.0278048780488,169804735989.011,134117.430936185,2.077,NA
"Qatar","Middle East & North Africa",2010,1765513,77.825512195122,125122306346.154,125088.006002205,2.104,NA
"Qatar","Middle East & North Africa",2009,1591151,77.6298048780488,97798351648.3516,114656.779162422,2.15,NA
"Romania","Europe & Central Asia",2012,20058035,74.4121951219512,171664638717.49,18910.2782731779,1.52,4.08
"Romania","Europe & Central Asia",2011,20147528,74.409756097561,185362855081.021,17624.5778950302,1.47,4.46
"Romania","Europe & Central Asia",2010,20246871,73.4585365853659,167998080493.408,16579.8493567116,1.59,4.77
"Romania","Europe & Central Asia",2009,20367487,73.309756097561,167422949529.4,15815.2785501294,1.66,3.91
"Serbia","Europe & Central Asia",2012,7199077,74.8365853658537,40742313861.1374,13000.0732946816,1.45,NA
"Serbia","Europe & Central Asia",2011,7234099,74.5365853658537,46466728666.6103,12571.8954976749,1.4,NA
"Serbia","Europe & Central Asia",2010,7291436,74.3365853658537,39460357730.5224,11813.4578043183,1.4,1.65
"Serbia","Europe & Central Asia",2009,7320807,73.9853658536586,42616653299.9115,11802.3525338412,1.44,1.19
"Russian Federation","Europe & Central Asia",2012,143201676,70.3658536585366,2170145829223.92,25316.6357856942,1.7,0.48
"Russian Federation","Europe & Central Asia",2011,142960868,69.6585365853659,2031771419408.96,24074.364580654,1.58,0.56
"Russian Federation","Europe & Central Asia",2010,142849449,68.8560975609756,1524917468442.01,20497.9523083327,1.57,0.85
"Russian Federation","Europe & Central Asia",2009,142785342,68.6048780487805,1222644282201.86,19386.5936760476,1.54,0.43
"Rwanda","Sub-Saharan Africa",2012,10817350,62.7993658536585,7219657132.21544,1510.67810950135,4.143,NA
"Rwanda","Sub-Saharan Africa",2011,10556429,62.1553658536585,6406727230.17325,1397.2246912143,4.287,NA
"Rwanda","Sub-Saharan Africa",2010,10293669,61.4017804878049,5698548987.88591,1301.69695192285,4.441,80.66
"Rwanda","Sub-Saharan Africa",2009,10024594,60.4659756097561,5308990459.47843,1230.52424275853,4.598,NA
"Saudi Arabia","Middle East & North Africa",2012,29496047,74.0160243902439,733955733333.333,49729.5174891185,2.873,NA
"Saudi Arabia","Middle East & North Africa",2011,28788438,73.8548536585366,669506666666.667,47474.0433846687,2.93,NA
"Saudi Arabia","Middle East & North Africa",2010,28090647,73.7016097560976,526811466666.667,43351.7676914543,2.987,NA
"Saudi Arabia","Middle East & North Africa",2009,27409491,73.5642682926829,429097866666.667,41897.8915028842,3.044,NA
"Solomon Islands","East Asia & Pacific",2012,549162,67.5065853658537,1025124684.35864,2062.45426309817,4.098,NA
"Solomon Islands","East Asia & Pacific",2011,537648,67.2912195121951,886503123.818327,1976.40690010282,4.168,NA
"Solomon Islands","East Asia & Pacific",2010,526177,67.0656585365854,671585231.579861,1752.11988003583,4.236,NA
"Solomon Islands","East Asia & Pacific",2009,514767,66.8246829268293,597762270.794063,1655.21038779898,4.3,NA
"Seychelles","Sub-Saharan Africa",2012,88303,74.2268292682927,1134267367.19206,24251.5239686008,2.4,NA
"Seychelles","Sub-Saharan Africa",2011,87441,72.7243902439024,1065826669.89742,22556.5825709346,2.4,NA
"Seychelles","Sub-Saharan Africa",2010,89770,73.1975609756098,969936525.298729,19953.1605009972,2.1,NA
"Seychelles","Sub-Saharan Africa",2009,87298,73.0341463414634,847397850.094417,19131.3317358706,2.4,NA
"Sudan","Sub-Saharan Africa",2012,37712420,62.8321951219512,62688889672.5441,3873.59739823209,4.491,NA
"Sudan","Sub-Saharan Africa",2011,36918193,62.4555365853659,67327289319.733,3478.2522390176,4.562,NA
"Sudan","Sub-Saharan Africa",2010,36114885,62.0425853658537,65634109236.7736,3175.27394267377,4.636,NA
"Sudan","Sub-Saharan Africa",2009,35297298,61.6023902439024,53150209167.934,3116.20310047129,4.713,38.94
"Sweden","Europe & Central Asia",2012,9519374,81.7048780487805,543880647757.404,44433.7266901677,1.91,NA
"Sweden","Europe & Central Asia",2011,9449213,81.8024390243903,563113421113.421,43709.2114536214,1.9,NA
"Sweden","Europe & Central Asia",2010,9378126,81.4512195121951,488379327089.837,41755.9801731279,1.98,NA
"Sweden","Europe & Central Asia",2009,9298515,81.3512195121951,429657033107.737,39657.2412932976,1.94,NA
"Singapore","East Asia & Pacific",2012,5312437,81.9951219512195,289268624469.873,77173.2382950922,1.29,NA
"Singapore","East Asia & Pacific",2011,5183688,81.7439024390244,275221020830.021,74910.1825345204,1.2,NA
"Singapore","East Asia & Pacific",2010,5076732,81.5414634146342,236421782178.218,70561.0834028427,1.15,NA
"Singapore","East Asia & Pacific",2009,4987573,81.2414634146342,192408387762.118,61572.022533163,1.22,NA
"Slovenia","Europe & Central Asia",2012,2057159,80.1243902439024,46240004973.2771,28481.751314373,1.58,0.05
"Slovenia","Europe & Central Asia",2011,2052843,79.9707317073171,51287600778.4265,28513.4748320932,1.56,0.01
"Slovenia","Europe & Central Asia",2010,2048583,79.4219512195122,48016423841.0596,27607.7230438068,1.57,0
"Slovenia","Europe & Central Asia",2009,2039669,78.9707317073171,50244790219.5054,27506.3314139505,1.53,0
"Slovak Republic","Europe & Central Asia",2012,5407579,76.109756097561,93049717829.537,26091.2798285454,1.34,0.42
"Slovak Republic","Europe & Central Asia",2011,5398384,75.9585365853659,97919794273.0053,25167.4538145724,1.45,0
"Slovak Republic","Europe & Central Asia",2010,5391428,75.1121951219512,89254437086.0927,24515.6923473186,1.43,0.51
"Slovak Republic","Europe & Central Asia",2009,5386406,74.909756097561,88661433731.5921,23172.3465833393,1.44,0
"Sierra Leone","Sub-Saharan Africa",2012,6043157,49.7490975609756,3853432409.29289,1620.89897028858,4.874,NA
"Sierra Leone","Sub-Saharan Africa",2011,5908908,49.0347317073171,2985556819.41441,1414.86008294925,5.01,79.96
"Sierra Leone","Sub-Saharan Africa",2010,5775902,48.2289512195122,2616610911.08235,1334.50612500281,5.151,NA
"Sierra Leone","Sub-Saharan Africa",2009,5647194,47.3502195121951,2489985963.18142,1279.78965550636,5.293,NA
"San Marino","Europe & Central Asia",2012,31172,NA,NA,NA,1.26,NA
"San Marino","Europe & Central Asia",2011,30938,83.3232150776053,NA,NA,NA,NA
"San Marino","Europe & Central Asia",2010,30690,83.1593791574279,NA,NA,NA,NA
"San Marino","Europe & Central Asia",2009,30431,82.9955432372506,NA,NA,NA,NA
"Senegal","Sub-Saharan Africa",2012,13780108,65.3188780487805,14045681414.3657,2225.29602799889,5.161,NA
"Senegal","Sub-Saharan Africa",2011,13357003,64.6953658536585,14440676929.3238,2159.02288794111,5.173,66.26
"Senegal","Sub-Saharan Africa",2010,12956791,64.0144390243903,12932428287.6047,2142.9482913191,5.174,NA
"Senegal","Sub-Saharan Africa",2009,12581624,63.2867804878049,12812994418.9401,2092.75612862271,5.171,NA
"Somalia","Sub-Saharan Africa",2012,10033630,54.690243902439,NA,NA,6.666,NA
"Somalia","Sub-Saharan Africa",2011,9806670,54.3569512195122,NA,NA,6.768,NA
"Somalia","Sub-Saharan Africa",2010,9581714,54.0236585365854,NA,NA,6.868,NA
"Somalia","Sub-Saharan Africa",2009,9356827,53.6893414634146,NA,NA,6.963,NA
"Suriname","Latin America & Caribbean",2012,528535,70.8063170731707,4.98e+09,15718.1329921023,2.411,NA
"Suriname","Latin America & Caribbean",2011,523439,70.5993902439024,4422276621.78703,15119.7435489163,2.438,NA
"Suriname","Latin America & Caribbean",2010,518141,70.3627317073171,4368398047.64333,14216.5487909005,2.465,NA
"Suriname","Latin America & Caribbean",2009,512522,70.0929024390244,3875409836.06557,13502.6258889253,2.493,NA
"South Sudan","Sub-Saharan Africa",2012,10980623,54.727,10368813559.322,1819.43495942563,5.197,NA
"South Sudan","Sub-Saharan Africa",2011,10510122,54.205,17826697892.2717,3461.75103896361,5.286,NA
"South Sudan","Sub-Saharan Africa",2010,10056475,53.6649024390244,15727363443.0995,3717.21563838005,5.376,NA
"South Sudan","Sub-Saharan Africa",2009,9623176,53.1226585365854,12231362022.6859,3637.87376858921,5.465,NA
"Sao Tome and Principe","Sub-Saharan Africa",2012,178484,66.1339024390244,265592759.78986,2959.88969078679,4.689,NA
"Sao Tome and Principe","Sub-Saharan Africa",2011,174646,66.0037804878049,239986643.473005,2839.89590314397,4.74,NA
"Sao Tome and Principe","Sub-Saharan Africa",2010,170880,65.8546829268293,195176113.354139,2712.78169377358,4.789,69.24
"Sao Tome and Principe","Sub-Saharan Africa",2009,167196,65.6726097560976,192558289.704971,2621.65023309912,4.835,NA
"El Salvador","Latin America & Caribbean",2010,6038306,71.6706097560976,21418300000,7301.80659698796,2.078,18.55
"El Salvador","Latin America & Caribbean",2012,6072233,72.2318536585366,23813600000,7859.86073025114,1.991,13.61
"El Salvador","Latin America & Caribbean",2011,6055208,71.9561707317073,2.3139e+10,7596.50913099919,2.031,15.04
"El Salvador","Latin America & Caribbean",2009,6021368,71.3781463414634,2.0661e+10,7136.59502110202,2.13,17.51
"Sint Maarten (Dutch part)","Latin America & Caribbean",2012,34640,73.0536585365854,NA,NA,NA,NA
"Sint Maarten (Dutch part)","Latin America & Caribbean",2011,33435,NA,NA,36327.2318988918,2.03,NA
"Sint Maarten (Dutch part)","Latin America & Caribbean",2010,35474,NA,NA,NA,NA,NA
"Sint Maarten (Dutch part)","Latin America & Caribbean",2009,39133,75.5878048780488,NA,NA,1.7,NA
"Syrian Arab Republic","Middle East & North Africa",2012,19978756,70.7859024390244,NA,NA,3.027,NA
"Syrian Arab Republic","Middle East & North Africa",2011,20501167,71.4861463414634,NA,NA,3.06,NA
"Syrian Arab Republic","Middle East & North Africa",2010,20720602,72.3074390243903,NA,NA,3.093,NA
"Syrian Arab Republic","Middle East & North Africa",2009,20566871,73.1204146341463,NA,NA,3.131,NA
"Swaziland","Sub-Saharan Africa",2012,1231694,48.8506341463415,4912817417.78319,7870.64474167421,3.407,NA
"Swaziland","Sub-Saharan Africa",2011,1212458,48.6613902439024,4963056465.27386,7620.19660428193,3.483,NA
"Swaziland","Sub-Saharan Africa",2010,1193148,48.345756097561,3527776867.18024,7487.50950280718,3.559,NA
"Swaziland","Sub-Saharan Africa",2009,1173529,47.892756097561,3144671158.99784,7396.50795735599,3.632,63.12
"Turks and Caicos Islands","Latin America & Caribbean",2012,32430,NA,NA,NA,NA,NA
"Turks and Caicos Islands","Latin America & Caribbean",2011,31727,NA,NA,NA,NA,NA
"Turks and Caicos Islands","Latin America & Caribbean",2010,30993,NA,NA,NA,NA,NA
"Turks and Caicos Islands","Latin America & Caribbean",2009,30247,NA,NA,NA,NA,NA
"Chad","Sub-Saharan Africa",2009,11510535,49.3931707317073,9253484289.67434,1694.82157149744,6.701,NA
"Chad","Sub-Saharan Africa",2012,12715465,50.7813902439024,12368070168.9723,1997.4109391126,6.374,NA
"Chad","Sub-Saharan Africa",2010,11896380,49.8620731707317,10657705072.2884,1884.79582691199,6.594,NA
"Chad","Sub-Saharan Africa",2011,12298512,50.3319512195122,12156380062.0471,1862.35116594718,6.485,64.82
"Togo","Sub-Saharan Africa",2012,6745581,58.5538536585366,3866617462.61854,1304.18797223193,4.727,NA
"Togo","Sub-Saharan Africa",2011,6566179,57.9307804878049,3756023159.96,1255.08782504848,4.798,74.54
"Togo","Sub-Saharan Africa",2010,6390851,57.2815609756098,3172945644.5585,1204.60489359183,4.868,NA
"Togo","Sub-Saharan Africa",2009,6219761,56.6306097560976,3163000528.8167,1175.82367943088,4.936,NA
"Thailand","East Asia & Pacific",2012,67164130,74.0719024390244,397290682074.825,14853.3296826122,1.534,1.23
"Thailand","East Asia & Pacific",2011,66902958,73.8923902439024,370608559050.496,13654.2724604328,1.542,1.17
"Thailand","East Asia & Pacific",2010,66692024,73.6943658536586,340923571200.889,13309.4191973258,1.547,2.09
"Thailand","East Asia & Pacific",2009,66548197,73.4617317073171,281574762729.76,12257.1361772881,1.551,2.59
"Tajikistan","Europe & Central Asia",2012,7930929,69.1669756097561,7633036366.03545,2386.32747375318,3.525,NA
"Tajikistan","Europe & Central Asia",2011,7753925,68.8917804878049,6522755783.39303,2229.4457417017,3.523,NA
"Tajikistan","Europe & Central Asia",2010,7581696,68.5633902439025,5642221528.67072,2080.04438846721,3.514,NA
"Tajikistan","Europe & Central Asia",2009,7414960,68.1705365853659,4979471963.7922,1972.91522942964,3.502,23.43
"Timor-Leste","East Asia & Pacific",2012,1148958,67.8001463414634,1.295e+09,2075.98474150486,5.3,NA
"Timor-Leste","East Asia & Pacific",2011,1120392,67.5767317073171,1.138e+09,1965.5220065477,5.5,NA
"Timor-Leste","East Asia & Pacific",2010,1066409,67.3083902439025,9.34e+08,1847.22626883829,5.6,NA
"Timor-Leste","East Asia & Pacific",2009,1048367,66.9466829268293,8.18e+08,1697.34227213273,5.7,NA
"Turkmenistan","Europe & Central Asia",2012,5172941,65.3115853658537,35164210526.3158,12689.3438280564,2.353,NA
"Turkmenistan","Europe & Central Asia",2011,5106672,65.1656097560976,29233333333.3333,11360.502149269,2.381,NA
"Turkmenistan","Europe & Central Asia",2010,5041995,65.021243902439,22583157894.7368,9828.66220431068,2.411,NA
"Turkmenistan","Europe & Central Asia",2009,4978960,64.8835365853659,20214385964.9123,9004.57918881673,2.445,NA
"Tunisia","Middle East & North Africa",2012,10777500,73.9951219512195,45044176963.9542,10672.5676007406,2.2,NA
"Tunisia","Middle East & North Africa",2011,10673800,74.3439024390244,45810626509.4474,10203.8012151866,2.15,NA
"Tunisia","Middle East & North Africa",2010,10547100,74.6024390243903,44050929160.2627,10364.5717510735,2.13,8.4
"Tunisia","Middle East & North Africa",2009,10439600,74.4512195121951,43454935940.1614,9994.09751121711,2.05,NA
"Tonga","East Asia & Pacific",2012,104769,72.488,457244315.207909,5132.80523291008,3.815,NA
"Tonga","East Asia & Pacific",2011,104392,72.3347317073171,441232909.196067,5030.65221255051,3.864,NA
"Tonga","East Asia & Pacific",2010,103947,72.1826097560976,369816107.03043,4852.02136154351,3.913,NA
"Tonga","East Asia & Pacific",2009,103416,72.031756097561,321303416.072745,4625.408633552,3.963,8.19
"Turkey","Europe & Central Asia",2012,74849187,74.6368048780488,788863301224.944,18449.250016041,2.103,3.1
"Turkey","Europe & Central Asia",2011,73517002,74.3673414634146,774754155820.895,17796.4751875134,2.118,3.99
"Turkey","Europe & Central Asia",2010,72310416,74.0909268292683,731168051636.944,16165.8123678963,2.134,4.25
"Turkey","Europe & Central Asia",2009,71261307,73.8032195121951,614553921935.484,14651.1004086524,2.151,4.57
"Trinidad and Tobago","Latin America & Caribbean",2012,1341579,70.1513902439024,24580844842.603,30571.9063533069,1.798,NA
"Trinidad and Tobago","Latin America & Caribbean",2011,1334790,69.9803170731707,24409826346.0908,29765.0119348512,1.804,NA
"Trinidad and Tobago","Latin America & Caribbean",2010,1328095,69.7975609756098,21037612736.256,29307.8711600633,1.806,NA
"Trinidad and Tobago","Latin America & Caribbean",2009,1321624,69.6105853658537,19175196445.7936,29123.0501164343,1.804,NA
"Tuvalu","East Asia & Pacific",2012,9860,NA,39875750.6730172,3552.92655284348,NA,NA
"Tuvalu","East Asia & Pacific",2011,9844,NA,39312016.5033522,3488.24835905837,NA,NA
"Tuvalu","East Asia & Pacific",2010,9827,NA,31823518.6204366,3156.74808608634,NA,NA
"Tuvalu","East Asia & Pacific",2009,9808,NA,27101076.2751521,3212.37939745598,NA,NA
"Tanzania","Sub-Saharan Africa",2012,48645709,63.5209024390244,39087748240.4403,2289.26187618153,5.287,NA
"Tanzania","Sub-Saharan Africa",2011,47122998,62.6320975609756,33878631649.4157,2206.91077897,5.359,76.1
"Tanzania","Sub-Saharan Africa",2010,45648525,61.6256097560976,31407908612.0943,2068.48848692219,5.427,NA
"Tanzania","Sub-Saharan Africa",2009,44222113,60.509512195122,28573777052.4542,1983.2228617864,5.489,NA
"Ukraine","Europe & Central Asia",2012,45593300,70.9441463414634,175781379051.433,8472.20112920609,1.531,0.2
"Ukraine","Europe & Central Asia",2011,45706100,70.8092682926829,163159671670.265,8281.86712612352,1.459,0.17
"Ukraine","Europe & Central Asia",2010,45870700,70.2653658536586,136419300367.962,7685.56963201296,1.443,0.25
"Ukraine","Europe & Central Asia",2009,46053300,69.19,117227769791.56,7257.89752610006,1.473,0.55
"Uganda","Sub-Saharan Africa",2012,35400620,57.1001951219512,23236898742.1315,1696.49442433506,5.964,63.03
"Uganda","Sub-Saharan Africa",2011,34260342,56.463756097561,20262889523.9576,1648.53106603376,6.059,NA
"Uganda","Sub-Saharan Africa",2010,33149417,55.8366585365854,20181796802.8574,1522.07855073595,6.154,NA
"Uganda","Sub-Saharan Africa",2009,32067125,55.1820975609756,17878178830.7227,1478.0445457835,6.247,69.37
"United States","North America",2012,314102623,78.7414634146342,1.6155255e+13,51433.0470904727,1.8805,NA
"United States","North America",2011,311718857,78.6414634146341,1.5517926e+13,49781.8006563523,1.8945,NA
"United States","North America",2010,309346863,78.5414634146342,1.4964372e+13,48374.0867933094,1.931,NA
"United States","North America",2009,306771529,78.390243902439,1.4418739e+13,47001.5553496818,2.002,NA
"Uruguay","Latin America & Caribbean",2012,3396753,76.6883902439024,51265399742.6953,18817.8749217256,2.048,1.67
"Uruguay","Latin America & Caribbean",2011,3385610,76.5411951219512,47962439302.6658,17904.8198639195,2.063,1.61
"Uruguay","Latin America & Caribbean",2010,3374414,76.3946097560976,40284682481.3918,16736.8559953545,2.078,1.61
"Uruguay","Latin America & Caribbean",2009,3362761,76.2485853658537,31660911278.5627,15391.169531715,2.094,2.11
"Uzbekistan","Europe & Central Asia",2012,29774500,68.1019756097561,51183443224.9939,4791.18928890547,2.3,NA
"Uzbekistan","Europe & Central Asia",2011,29339400,67.9814146341463,45324319955.3884,4412.47419290824,2.3,NA
"Uzbekistan","Europe & Central Asia",2010,28562400,67.8612926829268,39332770928.9426,4100.48283485868,2.34,NA
"Uzbekistan","Europe & Central Asia",2009,27767400,67.7445609756098,32816828372.9753,3840.54287450515,2.53,NA
"St. Vincent and the Grenadines","Latin America & Caribbean",2012,109334,72.6718536585366,692933740.740741,10192.9298147081,2.021,NA
"St. Vincent and the Grenadines","Latin America & Caribbean",2011,109341,72.518756097561,676129407.407407,9871.64857733634,2.046,NA
"St. Vincent and the Grenadines","Latin America & Caribbean",2010,109316,72.3463902439024,681225962.962963,9715.32900513839,2.07,NA
"St. Vincent and the Grenadines","Latin America & Caribbean",2009,109255,72.1500731707317,674922481.481482,9937.88286907797,2.092,NA
"Venezuela, RB","Latin America & Caribbean",2012,29854238,73.9257317073171,381286237847.667,18027.8901206199,2.417,NA
"Venezuela, RB","Latin America & Caribbean",2011,29427631,73.7916585365854,316482190800.364,17001.9132403648,2.444,NA
"Venezuela, RB","Latin America & Caribbean",2010,28995745,73.6716097560976,393801459277.332,16228.3408063552,2.472,NA
"Venezuela, RB","Latin America & Caribbean",2009,28558607,73.568,329418979506.288,16523.939668773,2.501,NA
"Virgin Islands (U.S.)","Latin America & Caribbean",2012,105275,79.4731707317073,NA,NA,1.78,NA
"Virgin Islands (U.S.)","Latin America & Caribbean",2011,105784,79.3731707317073,NA,NA,1.8,NA
"Virgin Islands (U.S.)","Latin America & Caribbean",2010,106267,79.1731707317073,NA,NA,1.81,NA
"Virgin Islands (U.S.)","Latin America & Caribbean",2009,106707,79.0731707317073,NA,NA,1.86,NA
"Vietnam","East Asia & Pacific",2012,88809200,75.3193902439024,155820001920.492,5000.76485438209,1.957,13.86
"Vietnam","East Asia & Pacific",2011,87860300,75.1568048780488,135539487317.008,4715.88634932312,1.953,NA
"Vietnam","East Asia & Pacific",2010,86932500,74.9903658536585,115931749904.839,4395.51016267998,1.946,18.05
"Vietnam","East Asia & Pacific",2009,86025000,74.8226097560976,106014600963.977,4123.42580419874,1.935,NA
"Vanuatu","East Asia & Pacific",2012,247498,71.4081707317073,781702874.106058,2952.41343063372,3.419,NA
"Vanuatu","East Asia & Pacific",2011,241876,71.1345609756098,792149700.679116,2915.23962103205,3.456,NA
"Vanuatu","East Asia & Pacific",2010,236299,70.8499512195122,700804286.224354,2888.3493792424,3.499,38.8
"Vanuatu","East Asia & Pacific",2009,230782,70.5558292682927,610066628.693058,2874.87888028394,3.549,NA
"Samoa","East Asia & Pacific",2012,188901,72.9800487804878,804209309.427213,5757.17964049692,4.212,NA
"Samoa","East Asia & Pacific",2011,187434,72.7012682926829,762098381.877023,5674.47534134614,4.277,NA
"Samoa","East Asia & Pacific",2010,186029,72.417,656789149.595525,5295.66609922839,4.338,NA
"Samoa","East Asia & Pacific",2009,184700,72.1306829268293,586153251.794346,5244.28442284181,4.389,NA
"Yemen, Rep.","Middle East & North Africa",2012,24882792,63.3272926829268,32074766834.7453,3675.56337304977,4.416,NA
"Yemen, Rep.","Middle East & North Africa",2011,24234940,63.0535365853659,31078858746.492,3616.24390874491,4.556,NA
"Yemen, Rep.","Middle East & North Africa",2010,23591972,62.7687317073171,30906753495.1501,4286.40403780317,4.703,NA
"Yemen, Rep.","Middle East & North Africa",2009,22954226,62.4853414634146,28459501429.6512,4212.58649344459,4.856,NA
"South Africa","Sub-Saharan Africa",2012,52356380.6773771,56.0983170731707,397386418270.402,12598.94312372,2.412,NA
"South Africa","Sub-Saharan Africa",2011,51549958.0814815,55.2956585365854,416596716626.957,12291.73384142,2.438,34.68
"South Africa","Sub-Saharan Africa",2010,50771825.5814796,54.390756097561,375349442837.24,11847.0803891303,2.467,NA
"South Africa","Sub-Saharan Africa",2009,50020917.5234195,53.4670975609756,295936471258.128,11529.3694090741,2.5,NA
"Zambia","Sub-Saharan Africa",2012,14786581,58.3633170731707,25503060411.4567,3552.20024760245,5.511,NA
"Zambia","Sub-Saharan Africa",2011,14343526,57.4221951219512,23459515284.206,3342.57085437932,5.599,NA
"Zambia","Sub-Saharan Africa",2010,13917439,56.3838536585366,20265552104.3964,3195.75858203489,5.687,78.87
"Zambia","Sub-Saharan Africa",2009,13507849,55.2141707317073,15328342303.9575,2949.21560084634,5.772,NA
"Zimbabwe","Sub-Saharan Africa",2012,14565482,53.6430731707317,12392715500,1679.12559406643,4.016,NA
"Zimbabwe","Sub-Saharan Africa",2011,14255592,51.6003658536585,10956226600,1523.62178401048,4.039,NA
"Zimbabwe","Sub-Saharan Africa",2010,13973897,49.5746585365854,9422161300,1360.87602638558,4.048,NA
"Zimbabwe","Sub-Saharan Africa",2009,13720997,47.6246585365854,8157077400,1229.38242418617,4.044,NA
